"Track URI","Track Name","Artist URI(s)","Artist Name(s)","Album URI","Album Name","Album Artist URI(s)","Album Artist Name(s)","Album Release Date","Album Image URL","Disc Number","Track Number","Track Duration (ms)","Track Preview URL","Explicit","Popularity","ISRC","Added By","Added At"
"spotify:track:5QmdK8QFbY8TLVKPuJzexD","Dark Beach","spotify:artist:06O23tLg0or676h8EEzH7W","Pastel Ghost","spotify:album:0RItfbXPf5eDzwdsgK9rKV","Abyss","spotify:artist:06O23tLg0or676h8EEzH7W","Pastel Ghost","2015-03-10","https://i.scdn.co/image/ab67616d0000b273070a284ad6bfc08feee2b2e7","1","6","222000","https://p.scdn.co/mp3-preview/5356006efe8ed0b582c6f5b585a89df4736d4027?cid=9950ac751e34487dbbe027c4fd7f8e99","false","7","QM6XS1704798","spotify:user:andreivillaro","2024-02-26T04:28:14Z"
"spotify:track:2ZaTpgdhU8MKpiujnBGPoa","綺羅キラー","spotify:artist:38WbKH6oKAZskBhqDFA8Uj, spotify:artist:1PhE6rv0146ZTQosoPDjk8","ZUTOMAYO, Mori Calliope","spotify:album:24HE9Q8LrZupbkTmux0U9O","綺羅キラー","spotify:artist:38WbKH6oKAZskBhqDFA8Uj","ZUTOMAYO","2022-12-15","https://i.scdn.co/image/ab67616d0000b273af476cfef0da5742b32e3176","1","1","253066","","false","51","JPPO02204831","spotify:user:andreivillaro","2024-02-18T09:30:30Z"
"spotify:track:7zbfS30vKiHU8oBs6Wi1Qp","勘冴えて悔しいわ","spotify:artist:38WbKH6oKAZskBhqDFA8Uj","ZUTOMAYO","spotify:album:4myzXA54fPm89hpW41YkOS","潜潜話","spotify:artist:38WbKH6oKAZskBhqDFA8Uj","ZUTOMAYO","2019-10-29","https://i.scdn.co/image/ab67616d0000b273ced490e566f828ee9ca8d263","1","2","236960","","false","62","JPPO01901535","spotify:user:andreivillaro","2024-02-18T09:30:46Z"
"spotify:track:2s81NRdaV4W6ApSEL6NUaA","Cross†Genocide","spotify:artist:6tILKatjRX2qgoBkobQMm8, spotify:artist:36Wr5fXFjrXnEqWuEnboYq","HyuN, 蔡花零","spotify:album:0iiVXlMBS2eSEMwRzAfJfR","Cross†Soul","spotify:artist:6tILKatjRX2qgoBkobQMm8","HyuN","2022-01-10","https://i.scdn.co/image/ab67616d0000b273216861a1bbf32da4e74c35c2","1","6","143879","https://p.scdn.co/mp3-preview/1fd4471d7b1870185267f4fc61f37ce510c30521?cid=9950ac751e34487dbbe027c4fd7f8e99","false","22","KRC772100144","spotify:user:andreivillaro","2024-02-27T05:44:42Z"
"spotify:track:5vCNAauCaecW0tT2mZDLG9","KING","spotify:artist:1k5LyiTCRzPjORzcgHqJxF","Kanaria","spotify:album:5caSwBLTwvq0mk7cQwtf2O","KING","spotify:artist:1k5LyiTCRzPjORzcgHqJxF","Kanaria","2020-12-09","https://i.scdn.co/image/ab67616d0000b2734465e20d27519e1b9dacf366","1","2","135500","https://p.scdn.co/mp3-preview/c7a7524bfd4b15df82102d1eb4d1a1092f370d4b?cid=9950ac751e34487dbbe027c4fd7f8e99","false","60","JPX562000062","spotify:user:andreivillaro","2024-02-28T05:43:32Z"
"spotify:track:2fJbss5uUmmBqn7qFkmyWj","残機","spotify:artist:38WbKH6oKAZskBhqDFA8Uj","ZUTOMAYO","spotify:album:1mtciArMoiLPqOdflY5dWQ","沈香学","spotify:artist:38WbKH6oKAZskBhqDFA8Uj","ZUTOMAYO","2023-06-06","https://i.scdn.co/image/ab67616d0000b273f5c5c21c1bd67ae9fc86064c","1","2","230373","","false","62","JPPO02203871","spotify:user:andreivillaro","2024-02-28T05:44:04Z"
"spotify:track:2sF5yanTLnJjmbvL9hy9LK","Non-Breath Oblige","spotify:artist:6hJkIUy4LmRN3l0Ld99M5x","Yuu Miyashita","spotify:album:09GJTLF1liNZeS9i1nb7qe","Non-Breath Oblige","spotify:artist:6hJkIUy4LmRN3l0Ld99M5x","Yuu Miyashita","2022-01-19","https://i.scdn.co/image/ab67616d0000b273ffc7754fae89bbb3c14c6632","1","1","207400","https://p.scdn.co/mp3-preview/a6925ec59e31497b182c8bd33f5249fa52a43b01?cid=9950ac751e34487dbbe027c4fd7f8e99","false","41","JPPC02111722","spotify:user:andreivillaro","2024-02-28T20:14:15Z"
"spotify:track:1LNGuCg01CHg9ErApmz92R","Being low as dirt, taking what's important from me","spotify:artist:0PHf0oiic0xAnCrRuLTtHl","TUYU","spotify:album:4ipmShlnFWIXMvMdmYcF8O","Being low as dirt, taking what's important from me","spotify:artist:0PHf0oiic0xAnCrRuLTtHl","TUYU","2020-08-24","https://i.scdn.co/image/ab67616d0000b273187538f10bf657f90c229818","1","1","192266","https://p.scdn.co/mp3-preview/618f1008a237f2e4473e3db8d8ef6ad98bb05f56?cid=9950ac751e34487dbbe027c4fd7f8e99","false","54","TCJPM2037409","spotify:user:andreivillaro","2024-03-12T03:15:07Z"
"spotify:track:3sgJTMHqDwxfsBIMqvkXKE","お勉強しといてよ","spotify:artist:38WbKH6oKAZskBhqDFA8Uj","ZUTOMAYO","spotify:album:47anQ0XC69gwTModnqWQsr","ぐされ","spotify:artist:38WbKH6oKAZskBhqDFA8Uj","ZUTOMAYO","2021-02-10","https://i.scdn.co/image/ab67616d0000b27345e670c7e25b4d0c1891d283","1","3","279200","","false","62","JPPO02001468","spotify:user:andreivillaro","2024-03-12T03:15:48Z"
"spotify:track:4ZtFanR9U6ndgddUvNcjcG","good 4 u","spotify:artist:1McMsnEElThX1knmY4oliG","Olivia Rodrigo","spotify:album:6s84u2TUpR3wdUv4NgKA2j","SOUR","spotify:artist:1McMsnEElThX1knmY4oliG","Olivia Rodrigo","2021-05-21","https://i.scdn.co/image/ab67616d0000b273a91c10fe9472d9bd89802e5a","1","6","178146","","true","86","USUG12101245","spotify:user:andreivillaro","2024-03-12T04:14:01Z"
"spotify:track:5MMLS3xm12D7N26xlfFApr","Runaway Baby","spotify:artist:0du5cEVh5yTK9QJze8zA0C","Bruno Mars","spotify:album:1uyf3l2d4XYwiEqAb7t7fX","Doo-Wops & Hooligans","spotify:artist:0du5cEVh5yTK9QJze8zA0C","Bruno Mars","2010-05-11","https://i.scdn.co/image/ab67616d0000b273f6b55ca93bd33211227b502b","1","4","148448","https://p.scdn.co/mp3-preview/ee0eec5edbb1a2894069637e049bc8403f3f8f9a?cid=9950ac751e34487dbbe027c4fd7f8e99","false","74","USAT21001885","spotify:user:andreivillaro","2024-03-17T05:59:16Z"
"spotify:track:7DnAm9FOTWE3cUvso43HhI","Sweet but Psycho","spotify:artist:4npEfmQ6YuiwW1GpUmaq3F","Ava Max","spotify:album:26c7MmQ4w8EAvVLb4jilaM","Heaven & Hell","spotify:artist:4npEfmQ6YuiwW1GpUmaq3F","Ava Max","2020-09-18","https://i.scdn.co/image/ab67616d0000b2739a95e89d24214b94de36ccf7","1","16","187436","https://p.scdn.co/mp3-preview/fab7f8e87979878248e78a3cdb7e28222d45dcec?cid=9950ac751e34487dbbe027c4fd7f8e99","false","84","USAT21802011","spotify:user:andreivillaro","2024-03-18T02:04:33Z"
"spotify:track:3IX0yuEVvDbnqUwMBB3ouC","bad idea right?","spotify:artist:1McMsnEElThX1knmY4oliG","Olivia Rodrigo","spotify:album:1xJHno7SmdVtZAtXbdbDZp","GUTS","spotify:artist:1McMsnEElThX1knmY4oliG","Olivia Rodrigo","2023-09-08","https://i.scdn.co/image/ab67616d0000b273e85259a1cae29a8d91f2093d","1","2","184783","","true","81","USUG12304094","spotify:user:andreivillaro","2024-03-22T04:46:18Z"
"spotify:track:6CIQOFf01zQ9qJaqhD6rlH","ラビットホール","spotify:artist:7kZTWx6cRLc0TSRPq1XBMP","DECO*27","spotify:album:6VlacW4pQH4G97p8vsOJNS","ラビットホール","spotify:artist:7kZTWx6cRLc0TSRPq1XBMP","DECO*27","2023-05-20","https://i.scdn.co/image/ab67616d0000b273183b7a8494d8947e07343ad2","1","1","159000","https://p.scdn.co/mp3-preview/d9d5096bbe39330875f08e34f52c41130d7dc454?cid=9950ac751e34487dbbe027c4fd7f8e99","false","68","JP92Q2301331","spotify:user:andreivillaro","2024-03-23T07:41:30Z"
"spotify:track:54L7uacUGRkvoLokUlNWfH","CLEARED - Remix","spotify:artist:2YVybYBfG1kXdtori5aUMo","Lilithzplug","spotify:album:4zt5xMdHGm4BcNURi2YmW5","Meet The Lilithz","spotify:artist:2YVybYBfG1kXdtori5aUMo","Lilithzplug","2023-06-10","https://i.scdn.co/image/ab67616d0000b273cffe56339532542021f1c1b9","1","3","126481","https://p.scdn.co/mp3-preview/16ee98be78e5fccce5fc7c8973179e6961615b60?cid=9950ac751e34487dbbe027c4fd7f8e99","true","68","QZMEM2334518","spotify:user:andreivillaro","2024-03-24T07:06:18Z"
"spotify:track:61KYsWS25JXUO4fGb1138X","Usseewa","spotify:artist:6mEQK9m2krja6X1cfsAjfl","Ado","spotify:album:4muEF5biWb506ZojGMfHb7","Kyougen","spotify:artist:6mEQK9m2krja6X1cfsAjfl","Ado","2022-01-26","https://i.scdn.co/image/ab67616d0000b27364381fb5ba549f149ae74560","1","11","206893","","false","73","JPPO02002791","spotify:user:andreivillaro","2024-03-26T04:00:43Z"
"spotify:track:2vjY3jGKElvqXoaGNEuYef","怪物","spotify:artist:64tJ2EAv1R6UaZqc4iOCyj","YOASOBI","spotify:album:5uStDUB4nlmItpz2AYlFtd","THE BOOK 2","spotify:artist:64tJ2EAv1R6UaZqc4iOCyj","YOASOBI","2021-12-01","https://i.scdn.co/image/ab67616d0000b273e897f4915425f0a48484e3f9","1","6","205480","https://p.scdn.co/mp3-preview/b568677cdd3a4ad568250642c2b69ec64af6c362?cid=9950ac751e34487dbbe027c4fd7f8e99","false","70","JPP302000760","spotify:user:andreivillaro","2024-03-26T04:00:49Z"
"spotify:track:08g7wxW8iELmpxO0ppcwnI","I Must Apologise","spotify:artist:78rUTD7y6Cy67W1RVzYs7t","PinkPantheress","spotify:album:0m1wwIx9Eoa7fWb9KYh7pt","I must apologise","spotify:artist:78rUTD7y6Cy67W1RVzYs7t","PinkPantheress","2021-10-06","https://i.scdn.co/image/ab67616d0000b2730e3ad9f7e35b2d2e39c58e81","1","1","108373","https://p.scdn.co/mp3-preview/663636b53e99462533fa4ac162f7a5e6c3c2a833?cid=9950ac751e34487dbbe027c4fd7f8e99","false","61","GBAYE2101300","spotify:user:andreivillaro","2024-03-27T08:56:38Z"
"spotify:track:41P6Tnd8KIHqON0QIydx6a","the perfect pair","spotify:artist:35l9BRT7MXmM8bv2WDQiyB","beabadoobee","spotify:album:2rhNQbqRNxiNQkDXTffe1V","Beatopia","spotify:artist:35l9BRT7MXmM8bv2WDQiyB","beabadoobee","2022-07-15","https://i.scdn.co/image/ab67616d0000b273384d10f967c2b914de7e2713","1","6","177533","https://p.scdn.co/mp3-preview/3b1c6829014c2980275507f8041e106665c761e5?cid=9950ac751e34487dbbe027c4fd7f8e99","false","85","GBK3W2202093","spotify:user:andreivillaro","2024-03-28T02:32:56Z"
"spotify:track:6MCjmGYlw6mQVWRFVgBRvB","夜に駆ける","spotify:artist:64tJ2EAv1R6UaZqc4iOCyj","YOASOBI","spotify:album:1xhO0GSoezdPJcSuNe1ySv","THE BOOK","spotify:artist:64tJ2EAv1R6UaZqc4iOCyj","YOASOBI","2021-01-06","https://i.scdn.co/image/ab67616d0000b273684d81c9356531f2a456b1c1","1","8","258838","https://p.scdn.co/mp3-preview/3bd133cbf1fb988c0235d0a383fffcf05f5756e8?cid=9950ac751e34487dbbe027c4fd7f8e99","false","75","JPP301900716","spotify:user:andreivillaro","2024-03-30T06:08:43Z"
"spotify:track:1Tr9XdGf9emJNk3LjrYwWW","What an amazing swing","spotify:artist:68609MOnEU86kVyMf26JnM","角巻わため","spotify:album:036IVbXcc2T7HSaNXaMsWL","What an amazing swing","spotify:artist:68609MOnEU86kVyMf26JnM","角巻わため","2023-11-06","https://i.scdn.co/image/ab67616d0000b2732608d2243fc74edbc62088d2","1","1","183360","https://p.scdn.co/mp3-preview/a91bf30068d902f85a324a856c33a2443bdcaded?cid=9950ac751e34487dbbe027c4fd7f8e99","false","39","JPV752307830","spotify:user:andreivillaro","2024-03-30T13:58:26Z"
"spotify:track:1dLfVxNVYocbLKt3Abrj9j","just saying, the body is honest. - self cover","spotify:artist:36VxME9IxYM3mGnnNCkHrQ","shikiura sougo","spotify:album:4Mq24y7g6FKKxGw1kSM8tS","#3","spotify:artist:36VxME9IxYM3mGnnNCkHrQ","shikiura sougo","2023-04-29","https://i.scdn.co/image/ab67616d0000b273b70435a835563b9930b45a8b","1","4","146000","https://p.scdn.co/mp3-preview/d07b099c19b6fe5797859fcc034833cf5f854df6?cid=9950ac751e34487dbbe027c4fd7f8e99","false","24","TCJPW2320404","spotify:user:andreivillaro","2024-04-02T05:38:40Z"
"spotify:track:52CBUrIdyf8tbZaUY9iawE","After School","spotify:artist:73B9bjqS2Z5KLXNGqXf64m","Weeekly","spotify:album:4kU6DFVgZKoDYQPZk1OZp9","We play","spotify:artist:73B9bjqS2Z5KLXNGqXf64m","Weeekly","2021-03-17","https://i.scdn.co/image/ab67616d0000b27318a15ed7d84a6c773126b12b","1","3","205373","https://p.scdn.co/mp3-preview/6afcf849347241dfafc1e7f3078d32144b6acc1f?cid=9950ac751e34487dbbe027c4fd7f8e99","false","66","KRA382101559","spotify:user:andreivillaro","2024-04-06T22:06:06Z"
"spotify:track:78ul3D77noQsYjSwvwiPU1","Break It Off - Bonus","spotify:artist:78rUTD7y6Cy67W1RVzYs7t","PinkPantheress","spotify:album:65YAjLCn7Jp33nJpOxIPMe","to hell with it","spotify:artist:78rUTD7y6Cy67W1RVzYs7t","PinkPantheress","2021-10-15","https://i.scdn.co/image/ab67616d0000b27312c2eefb1d28509c632d915d","1","10","96133","https://p.scdn.co/mp3-preview/20403d56b50460c9b53ac3e0bd3c5e51ac9cf9cf?cid=9950ac751e34487dbbe027c4fd7f8e99","false","78","GBAYE2101306","spotify:user:andreivillaro","2024-04-07T09:45:56Z"
"spotify:track:1aKvZDoLGkNMxoRYgkckZG","Magnetic","spotify:artist:36cgvBn0aadzOijnjjwqMN","ILLIT","spotify:album:6irebIc6UO8fN0jl4UlzBS","SUPER REAL ME","spotify:artist:36cgvBn0aadzOijnjjwqMN","ILLIT","2024-03-25","https://i.scdn.co/image/ab67616d0000b273f037c5fb9de6c78726cb8e2c","1","2","160688","https://p.scdn.co/mp3-preview/b3e85d7434b5fb072c7110197b3b896d04aa90e7?cid=9950ac751e34487dbbe027c4fd7f8e99","false","85","USA2P2413259","spotify:user:andreivillaro","2024-04-13T21:44:18Z"
"spotify:track:3gKtkQp6cQ4wqsx3bzs4tk","Readymade","spotify:artist:6mEQK9m2krja6X1cfsAjfl","Ado","spotify:album:4muEF5biWb506ZojGMfHb7","Kyougen","spotify:artist:6mEQK9m2krja6X1cfsAjfl","Ado","2022-01-26","https://i.scdn.co/image/ab67616d0000b27364381fb5ba549f149ae74560","1","1","243186","","false","64","JPPO02004122","spotify:user:andreivillaro","2024-04-13T22:55:12Z"
"spotify:track:37bNBNB332HXbSy6079cws","Odo","spotify:artist:6mEQK9m2krja6X1cfsAjfl","Ado","spotify:album:4muEF5biWb506ZojGMfHb7","Kyougen","spotify:artist:6mEQK9m2krja6X1cfsAjfl","Ado","2022-01-26","https://i.scdn.co/image/ab67616d0000b27364381fb5ba549f149ae74560","1","2","210346","","false","69","JPPO02100708","spotify:user:andreivillaro","2024-04-13T22:55:27Z"
"spotify:track:6A8NfypDHuwiLWbo4a1yca","New Genesis","spotify:artist:6mEQK9m2krja6X1cfsAjfl","Ado","spotify:album:7Ixqxq13tWhrbnIabk3172","UTA'S SONGS ONE PIECE FILM RED","spotify:artist:6mEQK9m2krja6X1cfsAjfl","Ado","2022-08-10","https://i.scdn.co/image/ab67616d0000b2730cbecafa929898c82adc519c","1","1","226813","","false","70","JPPO02201806","spotify:user:andreivillaro","2024-04-13T22:55:28Z"
"spotify:track:5N9wLoOxkCZcNhxRdMG70W","Ashura-chan","spotify:artist:6mEQK9m2krja6X1cfsAjfl","Ado","spotify:album:4muEF5biWb506ZojGMfHb7","Kyougen","spotify:artist:6mEQK9m2krja6X1cfsAjfl","Ado","2022-01-26","https://i.scdn.co/image/ab67616d0000b27364381fb5ba549f149ae74560","1","9","195080","","false","62","JPPO02103879","spotify:user:andreivillaro","2024-04-13T22:55:35Z"
"spotify:track:06PqeO7IInus2yvzsZwZhf","CUTE DEPRESSED","spotify:artist:12Swjg82MNiUOfl1GB3XFx","Dyan Dxddy","spotify:album:5qaY84OJqYT635rMGeWBzJ","CUTE DEPRESSED","spotify:artist:12Swjg82MNiUOfl1GB3XFx","Dyan Dxddy","2024-02-02","https://i.scdn.co/image/ab67616d0000b273550c08bd67e6d175e2dc463b","1","1","96946","https://p.scdn.co/mp3-preview/a6a2f1fe7bd0da3e16035978d4a108752af104e0?cid=9950ac751e34487dbbe027c4fd7f8e99","false","78","QZZ662413549","spotify:user:andreivillaro","2024-04-14T03:04:45Z"
"spotify:track:0aWnrJ74s28aaspT1pQNv1","Happppy song","spotify:artist:59TISvIGG8NmedxlcEYSWu","SOOOO","spotify:album:2p2XRCECxgoxY4bDmh1TA5","Happppy songs","spotify:artist:59TISvIGG8NmedxlcEYSWu","SOOOO","2019-02-16","https://i.scdn.co/image/ab67616d0000b273c758eb1d1eb12164e0d34aa8","1","1","320990","https://p.scdn.co/mp3-preview/cb637be31e8a5c21143178eced4562e04b1d49d1?cid=9950ac751e34487dbbe027c4fd7f8e99","false","39","TCJPI1961738","spotify:user:andreivillaro","2024-04-21T07:16:52Z"
"spotify:track:1VbMyV3F5tG49f6sD7ifRr","It's Raining Nevertheless","spotify:artist:0PHf0oiic0xAnCrRuLTtHl","TUYU","spotify:album:3f3fYOZYsTvHcmcv2cdM1N","It's Raining Nevertheless","spotify:artist:0PHf0oiic0xAnCrRuLTtHl","TUYU","2024-04-15","https://i.scdn.co/image/ab67616d0000b273be65283c7439a9b8f047939a","1","1","223260","https://p.scdn.co/mp3-preview/934304ec0cf4a5df81e793093cca8f4179f2c200?cid=9950ac751e34487dbbe027c4fd7f8e99","false","44","TCJPA2405839","spotify:user:andreivillaro","2024-04-22T17:15:21Z"
"spotify:track:20uZKRmUWbMvZTlgAOYI75","God-ish - Covered by philo","spotify:artist:3xBSqxwiRLgBVR9roG1136","philo","spotify:album:7ypZhehtp6wae1wH4NH7tL","God-ish (Covered by philo)","spotify:artist:3xBSqxwiRLgBVR9roG1136","philo","2021-12-23","https://i.scdn.co/image/ab67616d0000b27326478200e354877c82ae34ff","1","1","203345","https://p.scdn.co/mp3-preview/c70c05dd0aa2a1c9f5937d1d0c4422058bb002d6?cid=9950ac751e34487dbbe027c4fd7f8e99","false","32","TCJPQ2167855","spotify:user:andreivillaro","2024-04-28T09:33:30Z"
"spotify:track:2Bczh6OMMR3v0J288WVMdy","Teo (2021)","spotify:artist:1infnYC6dYWHOK0xtPRmAq","Omoi","spotify:album:0Zvh1HRF7ihFUpfjy4nMPA","Teo (2021)","spotify:artist:1infnYC6dYWHOK0xtPRmAq","Omoi","2020-10-09","https://i.scdn.co/image/ab67616d0000b273bc0be5ac52faa8151b4daafd","1","1","209189","https://p.scdn.co/mp3-preview/279fd0a60cce9a825c451691d446b1e1ab82a5fb?cid=9950ac751e34487dbbe027c4fd7f8e99","false","37","TCJPM2070207","spotify:user:andreivillaro","2024-05-05T19:11:39Z"
"spotify:track:79ehMuj41ltTUqpS2c2yix","If there was an Endpoint.","spotify:artist:0PHf0oiic0xAnCrRuLTtHl","TUYU","spotify:album:3d7RhhW7ZvOnu9hTEcIRHm","If there was an Endpoint.","spotify:artist:0PHf0oiic0xAnCrRuLTtHl","TUYU","2021-10-10","https://i.scdn.co/image/ab67616d0000b2737e28161f562a5c95fd2ea2c5","1","1","179297","https://p.scdn.co/mp3-preview/10c10076d1a3803767730c3eabd0089cafec59ce?cid=9950ac751e34487dbbe027c4fd7f8e99","false","48","TCJPQ2105092","spotify:user:andreivillaro","2024-05-10T00:32:40Z"
"spotify:track:0gfiKZjfraqJ1mbcOycxS5","無間嫉妬劇場『666』","spotify:artist:5ofxS8vbpzqmcgfs8LouBQ","森羅万象","spotify:album:0hkUshBuisOtyHnNlSeyIy","ネタミニティ","spotify:artist:5ofxS8vbpzqmcgfs8LouBQ","森羅万象","2018-08-10","https://i.scdn.co/image/ab67616d0000b2738016a8029fd46bb1440e3979","1","6","281089","https://p.scdn.co/mp3-preview/755482af91815c2e96aa4c0d1515ace9d1fc21ec?cid=9950ac751e34487dbbe027c4fd7f8e99","false","37","JPW561807030","spotify:user:andreivillaro","2024-05-14T04:02:16Z"
"spotify:track:1ZuDjTgYDiWFcLgxwNER4q","SHIBUYA","spotify:artist:3r1TLlQJEj83Mo3Ei5Nn9H, spotify:artist:6htJaSnTyDhTxzwOhgEWss","Lcondatrack, zandsu","spotify:album:5orotdxtfeXax2k3v4Gnat","SHIBUYA","spotify:artist:3r1TLlQJEj83Mo3Ei5Nn9H","Lcondatrack","2024-05-10","https://i.scdn.co/image/ab67616d0000b273b5da2c41a1581aed325b8331","1","1","90000","https://p.scdn.co/mp3-preview/616664621232601307affb4e06b44ea8392e357c?cid=9950ac751e34487dbbe027c4fd7f8e99","false","39","QZK6G2467020","spotify:user:andreivillaro","2024-05-17T01:02:07Z"
"spotify:track:7GRfiALpnehkSNn34LDeci","All Night Radio","spotify:artist:6mEQK9m2krja6X1cfsAjfl","Ado","spotify:album:2kEK5J1Njg3r0Ramvj3GDq","All Night Radio","spotify:artist:6mEQK9m2krja6X1cfsAjfl","Ado","2023-10-14","https://i.scdn.co/image/ab67616d0000b2731b20471a763f252ba1b03994","1","1","213000","","false","54","JPPO02303297","spotify:user:andreivillaro","2024-05-21T23:22:21Z"
"spotify:track:3CrYQaVrFUppSElxRwNHJK","Paradisus-Paradoxum","spotify:artist:1NRrtMvT3o1TI6I8XCuweq","MYTH & ROID","spotify:album:2VFEPv8gs1mSj67hEDbRMO","eYe's","spotify:artist:1NRrtMvT3o1TI6I8XCuweq","MYTH & ROID","2017-04-26","https://i.scdn.co/image/ab67616d0000b273bf97b2acaf967bb8ee7aa2f6","1","3","231106","https://p.scdn.co/mp3-preview/35715917c80184ed17b554756c8b5d40a3dcf101?cid=9950ac751e34487dbbe027c4fd7f8e99","false","62","JPD731600703","spotify:user:andreivillaro","2024-05-24T02:19:26Z"
"spotify:track:7urddi7J2M0GwbYK5kH2T9","Girl A","spotify:artist:4DzC4sTTWf2juzeeMiFB8O","Will Stetson","spotify:album:0jzWW6gvFbX4biBrOqgrBw","Girl A","spotify:artist:4DzC4sTTWf2juzeeMiFB8O","Will Stetson","2023-08-20","https://i.scdn.co/image/ab67616d0000b2730a325591c81b2515bdff75fd","1","1","242153","https://p.scdn.co/mp3-preview/db9430ad96a28b1bd3651b4114ddd033bc166cb8?cid=9950ac751e34487dbbe027c4fd7f8e99","false","3","QZRP52377918","spotify:user:andreivillaro","2024-05-24T02:20:47Z"
"spotify:track:5sPKAEb7afrIMtdqEnI6H6","Young Girl A","spotify:artist:4qfQTMwNNuBKJ4rF9Lo4bD","Siinamota","spotify:album:0JzdeLGqbDXPBlDbV4Y0c3","Alive","spotify:artist:4qfQTMwNNuBKJ4rF9Lo4bD","Siinamota","2015-03-04","https://i.scdn.co/image/ab67616d0000b273a89cda77ec382a3e365cb3f5","1","9","221500","https://p.scdn.co/mp3-preview/d2f20451b7424c23bc5c05fe4222f384018bb945?cid=9950ac751e34487dbbe027c4fd7f8e99","false","70","JPJ931400241","spotify:user:andreivillaro","2024-05-24T02:20:56Z"
"spotify:track:2EmkTBTh964LQen4Vz0svg","花になって - Be a flower","spotify:artist:4SJ7qRgJYNXB9Yttzs4aSa","Ryokuoushoku Shakai","spotify:album:2CmupdP2p1BOYVYh2cjtJc","花になって - Be a flower","spotify:artist:4SJ7qRgJYNXB9Yttzs4aSa","Ryokuoushoku Shakai","2023-10-29","https://i.scdn.co/image/ab67616d0000b273429f3c0081fd674ba9365997","1","1","199333","https://p.scdn.co/mp3-preview/a7abf83bf648bcbe31f15aca303fdd59f8d2437d?cid=9950ac751e34487dbbe027c4fd7f8e99","false","71","JPU902304233","spotify:user:andreivillaro","2024-05-24T03:26:40Z"
"spotify:track:5RzB3KcfvZgvsWcsETVsqG","Duet","spotify:artist:4DoTDDfW3gkeyb06XrIHlg","Omori","spotify:album:0ZBx5R4ABubjsJ6yovFJXp","Omori (Original Game Soundtrack), Pt.3","spotify:artist:4DoTDDfW3gkeyb06XrIHlg","Omori","2020-12-25","https://i.scdn.co/image/ab67616d0000b273b080961348b7c4402e0186e9","1","52","132468","https://p.scdn.co/mp3-preview/9ecdedaf0e1cd34f7b4d62aa687485b6b63198bd?cid=9950ac751e34487dbbe027c4fd7f8e99","false","65","TCAFL2165663","spotify:user:andreivillaro","2024-05-24T23:35:53Z"
"spotify:track:1XwrOMkzPExJHjSOfUaUy7","The Glory Days","spotify:artist:30rNCtpbgMaznRM9h8jlLv","Tia","spotify:album:4s2A99BwnxeePq2slzGEYi","The Glory Days","spotify:artist:30rNCtpbgMaznRM9h8jlLv","Tia","2014-10-15","https://i.scdn.co/image/ab67616d0000b273d08acf649394133e2ada6b16","1","1","253786","https://p.scdn.co/mp3-preview/11b0cf18247298685cebad296c937acbf95215f5?cid=9950ac751e34487dbbe027c4fd7f8e99","false","38","JPB601402835","spotify:user:andreivillaro","2024-05-25T06:03:38Z"
"spotify:track:4bdwEiJuBhWIkPKSVjyjiA","ラグトレイン","spotify:artist:25b7eSZD64Sm8ReHZ1WDc7","INABAKUMORI","spotify:album:6jg2tl87TSzWMU6SXYUwsd","ウェザーステーション","spotify:artist:25b7eSZD64Sm8ReHZ1WDc7","INABAKUMORI","2022-03-23","https://i.scdn.co/image/ab67616d0000b273a2e19e90170fd6cece34d2d9","1","4","252680","https://p.scdn.co/mp3-preview/dfe1417f6583f5968be665807345cc7a9fd03511?cid=9950ac751e34487dbbe027c4fd7f8e99","false","60","JPX562000064","spotify:user:andreivillaro","2024-05-26T04:02:07Z"
"spotify:track:5UHJDwTSAv602JlDW2Zx8u","Bad Apple!! feat. nomico","spotify:artist:3wsXGKiJ4bCByD0jHHbL4Y, spotify:artist:5V5nbAJxIcyws8m48gnQ6U","Alstroemeria Records, nomico","spotify:album:5iG0VG7eavRnGZbuM6HrJb","EXSERENS (A Selection of Alstroemeria Records)","spotify:artist:3wsXGKiJ4bCByD0jHHbL4Y","Alstroemeria Records","2008-05-25","https://i.scdn.co/image/ab67616d0000b273394d0f2bd63607eb4747628a","1","1","319426","https://p.scdn.co/mp3-preview/612ce90756c9e4500fdf2d365888a61b6bd4e5f9?cid=9950ac751e34487dbbe027c4fd7f8e99","false","4","JPW562103104","spotify:user:andreivillaro","2024-05-26T04:02:23Z"
"spotify:track:2zAi85TQB7mLzl8P1ySAj9","Lost Umbrella","spotify:artist:25b7eSZD64Sm8ReHZ1WDc7","INABAKUMORI","spotify:album:0QoalZudcGlnFFoN9Qr8UB","ANTICYCLONE","spotify:artist:25b7eSZD64Sm8ReHZ1WDc7","INABAKUMORI","2019-11-17","https://i.scdn.co/image/ab67616d0000b27325c2a3af824b7dd8cafae97e","1","2","204497","https://p.scdn.co/mp3-preview/158ab339c4c47ab72fa04e18f2b9decfce3c6d37?cid=9950ac751e34487dbbe027c4fd7f8e99","false","68","JPA651804033","spotify:user:andreivillaro","2024-05-26T04:03:22Z"
"spotify:track:2UUwBDALzJuThY88Ro2lD2","フォニイ","spotify:artist:3VxmIoSoAMfL0xAAQ7jHqE, spotify:artist:7ctyyNnO9O2dDD8bHjkCAh","KAFU, ツミキ","spotify:album:6ehjRidMkDZjWH82C4MbXR","KAF+YOU KAFU COMPILATION ALBUM シンメトリー","spotify:artist:0LyfQWJT6nXafLPZqxe9Of","Various Artists","2021-12-18","https://i.scdn.co/image/ab67616d0000b273b19f79f9d15451ad63bb3f81","1","5","189884","https://p.scdn.co/mp3-preview/c2c052df09e70df3c6d6b2f9b999e3ee39241941?cid=9950ac751e34487dbbe027c4fd7f8e99","false","60","JPB602142103","spotify:user:andreivillaro","2024-05-26T04:03:27Z"
"spotify:track:14XEG5eCBFYAHaY69PxJ0q","Rabbit Hole","spotify:artist:4DzC4sTTWf2juzeeMiFB8O","Will Stetson","spotify:album:7Lair7YwjHrmjoc8H8rKLi","Rabbit Hole","spotify:artist:4DzC4sTTWf2juzeeMiFB8O","Will Stetson","2024-05-23","https://i.scdn.co/image/ab67616d0000b273deb85c42c797e0b4d507f7bb","1","1","164404","https://p.scdn.co/mp3-preview/68d05cf6293493c1f5954db8a3e34205bc1511ca?cid=9950ac751e34487dbbe027c4fd7f8e99","true","55","QZMER2475632","spotify:user:andreivillaro","2024-05-28T21:36:06Z"
"spotify:track:3ty4jnVIJ9My8ZnXFMc0Fg","愛して 愛して 愛して","spotify:artist:5FhcqamaRFfpZb4VHV47fu","Kikuo","spotify:album:5eSuy3Rr40DI0qcPOMFgX0","きくおミク3","spotify:artist:5FhcqamaRFfpZb4VHV47fu","Kikuo","2013-09-11","https://i.scdn.co/image/ab67616d0000b273d1bd3a0ccc3fe60f8d6941ca","1","2","252000","https://p.scdn.co/mp3-preview/333c9faafaf76ef4781d8caf7427b887151b9829?cid=9950ac751e34487dbbe027c4fd7f8e99","false","70","JPE561302154","spotify:user:andreivillaro","2024-05-29T07:16:19Z"
"spotify:track:3kUWZiVYJ4YQOl0u7Y1Og8","カワキヲアメク","spotify:artist:1KXJUpTiNeMv93LrJbbm7G","美波","spotify:album:6R5yCaIbIwK9IQJErCb0FV","カワキヲアメク","spotify:artist:1KXJUpTiNeMv93LrJbbm7G","美波","2019-01-30","https://i.scdn.co/image/ab67616d0000b27374b26f95618f8fb986a3ad36","1","1","251933","https://p.scdn.co/mp3-preview/f92e808a806935c6905f6543b0a9e5a906d4c072?cid=9950ac751e34487dbbe027c4fd7f8e99","false","72","JPVI01817011","spotify:user:andreivillaro","2024-05-29T07:16:26Z"
"spotify:track:1OAp6qN5KmoGUQ2edICKsC","Ghost Rule","spotify:artist:7kZTWx6cRLc0TSRPq1XBMP","DECO*27","spotify:album:3euL5ADirJFFXvoX9OlIfA","GHOST","spotify:artist:7kZTWx6cRLc0TSRPq1XBMP","DECO*27","2016-09-28","https://i.scdn.co/image/ab67616d0000b27353df6ca4428a5e515f8f0a90","1","1","210000","https://p.scdn.co/mp3-preview/c0b0414efb35de116da424f5ec731d48216ad710?cid=9950ac751e34487dbbe027c4fd7f8e99","false","60","JPJ931600129","spotify:user:andreivillaro","2024-05-29T07:17:11Z"
"spotify:track:078ZMxRD71ptuBhghkousF","Skeleton","spotify:artist:5TS11vZTUaDP4maTjFCcBU","Sakurako Ohara","spotify:album:6L98jJicrZi2BTITNv1fqN","Skeleton","spotify:artist:5TS11vZTUaDP4maTjFCcBU","Sakurako Ohara","2020-11-25","https://i.scdn.co/image/ab67616d0000b27385dfe17fd1f1cf853edb6401","1","1","271017","https://p.scdn.co/mp3-preview/c704aa329626452b0a16a812c85f20e4efaf4d32?cid=9950ac751e34487dbbe027c4fd7f8e99","false","3","JPVI02001963","spotify:user:andreivillaro","2024-05-31T06:44:24Z"
"spotify:track:0BilDmv1QmzmBsodJn0Lvx","Shopliftin' blues","spotify:artist:0DS6pLCWGkAkwDTFZJbQIg","yes\, mama ok?","spotify:album:5DfpZRfdtFGsxUMmSzuKGW","砂のプリン","spotify:artist:0DS6pLCWGkAkwDTFZJbQIg","yes\, mama ok?","1992-01-19","https://i.scdn.co/image/ab67616d0000b2739213374da846230428af9470","1","4","262040","https://p.scdn.co/mp3-preview/5562a26b8788a34e9036c8e04b22d180348387ff?cid=9950ac751e34487dbbe027c4fd7f8e99","false","24","JPA962191566","spotify:user:andreivillaro","2024-06-01T07:03:06Z"
"spotify:track:0D2xaGV4gxw3gKYnjbxrjz","POSSESSIVE LOVE DISORDER","spotify:artist:79NIVAOefeJgwo0QIIZ9t2, spotify:artist:7hlFRSHZn33TvcCftHWtw0","ZØMB, durpo1x","spotify:album:5yq3vYECtmWY0TMpFVtZle","POSSESSIVE LOVE DISORDER","spotify:artist:79NIVAOefeJgwo0QIIZ9t2, spotify:artist:7hlFRSHZn33TvcCftHWtw0","ZØMB, durpo1x","2024-01-26","https://i.scdn.co/image/ab67616d0000b27312ddd3b60d9d222407954c69","1","1","115094","https://p.scdn.co/mp3-preview/25cb28883417e84c96ff4966a13e3fafae16b84b?cid=9950ac751e34487dbbe027c4fd7f8e99","true","1","QZFYX2443882","spotify:user:andreivillaro","2024-06-09T15:20:54Z"
"spotify:track:3L4LD2dvwu8PJCScWx1OKE","HYSTERIA!","spotify:artist:79NIVAOefeJgwo0QIIZ9t2","ZØMB","spotify:album:7xv9ths1Xy0dGAwjVjN6XS","HYSTERIA!","spotify:artist:79NIVAOefeJgwo0QIIZ9t2","ZØMB","2024-05-01","https://i.scdn.co/image/ab67616d0000b273e64d8cabefa59d5c7f80378f","1","1","96826","https://p.scdn.co/mp3-preview/ecb19732fae23a71e5b8d8199798c98669104708?cid=9950ac751e34487dbbe027c4fd7f8e99","false","1","QZK6K2486472","spotify:user:andreivillaro","2024-06-09T15:21:19Z"
"spotify:track:282IoXJ4R0cXWGRwsqmaFA","YUKI EXPRESS!","spotify:artist:79NIVAOefeJgwo0QIIZ9t2","ZØMB","spotify:album:2hnWOMOIJCQMqO173nlR2P","YUKI EXPRESS!","spotify:artist:79NIVAOefeJgwo0QIIZ9t2","ZØMB","2024-05-22","https://i.scdn.co/image/ab67616d0000b273657be591233ecca5107d2317","1","1","89626","https://p.scdn.co/mp3-preview/601f711da655fff17ffb75c0a9f436381c2448a4?cid=9950ac751e34487dbbe027c4fd7f8e99","false","0","QZMEN2488440","spotify:user:andreivillaro","2024-06-11T04:11:36Z"
"spotify:track:5aDVNw5prQNcjWF02jhxmo","Sing The Moon","spotify:artist:2mcj8ajoE1eFlNkAihw5Cg","Tsukuyomi","spotify:album:5J5JoAGR9Ui790ti2gDNiO","Sing The Moon","spotify:artist:2mcj8ajoE1eFlNkAihw5Cg","Tsukuyomi","2022-08-17","https://i.scdn.co/image/ab67616d0000b27338a8ab75a43a366e6357c6e7","1","9","206120","https://p.scdn.co/mp3-preview/438a0676127e1a831b6b4ef28bcdc5e506e3266d?cid=9950ac751e34487dbbe027c4fd7f8e99","false","42","JPVI02201529","spotify:user:andreivillaro","2024-06-11T04:59:03Z"
"spotify:track:4gpvY7b9wHA9G1ZsMDu15b","Aishite Aishite Aishite","spotify:artist:6mEQK9m2krja6X1cfsAjfl","Ado","spotify:album:2tGokYNjX87AAodtbLBYuf","Ado's Utattemita Album","spotify:artist:6mEQK9m2krja6X1cfsAjfl","Ado","2023-12-13","https://i.scdn.co/image/ab67616d0000b273f5912abed0ea22e746552771","1","3","258372","","false","73","JPPO02303971","spotify:user:andreivillaro","2024-06-12T03:16:48Z"
"spotify:track:1gdZIt42CKuP5MjHbVW4T7","Kawaikute Gomen","spotify:artist:6mEQK9m2krja6X1cfsAjfl","Ado","spotify:album:2tGokYNjX87AAodtbLBYuf","Ado's Utattemita Album","spotify:artist:6mEQK9m2krja6X1cfsAjfl","Ado","2023-12-13","https://i.scdn.co/image/ab67616d0000b273f5912abed0ea22e746552771","1","5","219133","","false","58","JPPO02303973","spotify:user:andreivillaro","2024-06-12T03:18:04Z"
"spotify:track:17hYqocEK8xnY858FXd8uI","God-ish","spotify:artist:6mEQK9m2krja6X1cfsAjfl","Ado","spotify:album:2tGokYNjX87AAodtbLBYuf","Ado's Utattemita Album","spotify:artist:6mEQK9m2krja6X1cfsAjfl","Ado","2023-12-13","https://i.scdn.co/image/ab67616d0000b273f5912abed0ea22e746552771","1","7","204506","","false","61","JPPO02303975","spotify:user:andreivillaro","2024-06-12T03:18:42Z"
"spotify:track:0DMSs7vejX4FrV2EipYjT2","Judas - Sped Up","spotify:artist:44K92k9CFKrAefHRMs0chG","ethereal","spotify:album:0HNsFQI3zpL1F1UV8ZssTt","Judas (Sped Up)","spotify:artist:44K92k9CFKrAefHRMs0chG","ethereal","2023-02-14","https://i.scdn.co/image/ab67616d0000b2737f1708cb7f4b73a19db4cd15","1","1","206355","https://p.scdn.co/mp3-preview/abc3e0ca1ff64e43ae45cb26677015af10974ce7?cid=9950ac751e34487dbbe027c4fd7f8e99","false","50","QZLBC2301900","spotify:user:andreivillaro","2024-06-25T15:10:55Z"
"spotify:track:27rZYxE4l21wTaovX4WTnI","Television / So Far So Good","spotify:artist:7pbDxGE6nQSZVfiFdq9lOL","Rex Orange County","spotify:album:4DxNdQzm6cBYuSn4dCimmT","Apricot Princess","spotify:artist:7pbDxGE6nQSZVfiFdq9lOL","Rex Orange County","2017-04-26","https://i.scdn.co/image/ab67616d0000b2731bd6d088d3d81972af4cb81d","1","2","262600","https://p.scdn.co/mp3-preview/166f1dfa87d9d0ebe3c530b2f625e2cf046f7777?cid=9950ac751e34487dbbe027c4fd7f8e99","true","78","US23A1500497","spotify:user:andreivillaro","2024-06-28T09:16:43Z"
"spotify:track:5MwiiEF0OKcsoRALlM3hRk","STARDUST PHARMACY","spotify:artist:79NIVAOefeJgwo0QIIZ9t2","ZØMB","spotify:album:6zRmKSZpxPNg7Y2BMNHUm6","STARDUST PHARMACY","spotify:artist:79NIVAOefeJgwo0QIIZ9t2","ZØMB","2024-06-28","https://i.scdn.co/image/ab67616d0000b2736233ae3adbb33fa9934a5b2a","1","1","101357","https://p.scdn.co/mp3-preview/62f7b565a580d1019c04e9bf62af726f22c71031?cid=9950ac751e34487dbbe027c4fd7f8e99","false","49","TLVEM2401829","spotify:user:andreivillaro","2024-06-28T20:38:40Z"
"spotify:track:1mbLvyFNIifliPtmMmRQN9","Creator","spotify:artist:3Ww8GMbCDMAGwJJ2hd7z7z, spotify:artist:7i68fmsIERvgavI8Q1H09h","Lena Raine, Minecraft","spotify:album:3ug2vtKk0URmKrt7ppYQst","Minecraft: Tricky Trials (Original Game Soundtrack)","spotify:artist:7i68fmsIERvgavI8Q1H09h","Minecraft","2024-04-26","https://i.scdn.co/image/ab67616d0000b2732ed5db5c6b5a91746cc79e39","1","10","177426","https://p.scdn.co/mp3-preview/88f57c6a2dcc21b0f84add641e1c62b80e5c2d41?cid=9950ac751e34487dbbe027c4fd7f8e99","false","62","USA2P2420974","spotify:user:andreivillaro","2024-06-29T07:56:48Z"
"spotify:track:26AmP3ukYC4Zs9lSGlh55I","Take Me Home","spotify:artist:78rUTD7y6Cy67W1RVzYs7t","PinkPantheress","spotify:album:4CykmPXyJzacASnoxR33ns","Take me home","spotify:artist:78rUTD7y6Cy67W1RVzYs7t","PinkPantheress","2022-12-16","https://i.scdn.co/image/ab67616d0000b27378c582c67f2104448ec471ab","1","3","200653","https://p.scdn.co/mp3-preview/33a106e8601ce7ce1ef1f8a2bd902aa4a16b773c?cid=9950ac751e34487dbbe027c4fd7f8e99","false","74","GBAYE2202606","spotify:user:andreivillaro","2024-07-03T02:02:16Z"
"spotify:track:6YJtUTOzCwE3lvNW652lCz","JUST A VIVID HALLUCINATION","spotify:artist:79NIVAOefeJgwo0QIIZ9t2, spotify:artist:4fq1mvRMw3uj6YixUCDauv","ZØMB, crxw","spotify:album:3YT6bKUtMzH7BAe3GADpYF","JUST A VIVID HALLUCINATION","spotify:artist:79NIVAOefeJgwo0QIIZ9t2, spotify:artist:4fq1mvRMw3uj6YixUCDauv","ZØMB, crxw","2024-07-05","https://i.scdn.co/image/ab67616d0000b273c9a380fbb5b2fa2f84fc9900","1","1","99103","https://p.scdn.co/mp3-preview/6f0fd56c5ce3c0a7fcfa5101fdc810f5840241b4?cid=9950ac751e34487dbbe027c4fd7f8e99","true","41","TLVEM2401830","spotify:user:andreivillaro","2024-07-06T04:27:42Z"
"spotify:track:5ic62hKqeDhZsa9l6YQxzJ","メズマライザー (feat. 初音ミク&重音テト)","spotify:artist:76SIHZoc1kOba5ynrOtvOX, spotify:artist:6pNgnvzBa6Bthsv8SrZJYl, spotify:artist:7Al85ZdCo2ZoQiBghDSj7o","32ki, Hatsune Miku, 重音テト","spotify:album:3DkZ625ZGRV80f5aFnlPCL","メズマライザー","spotify:artist:76SIHZoc1kOba5ynrOtvOX, spotify:artist:6pNgnvzBa6Bthsv8SrZJYl, spotify:artist:7Al85ZdCo2ZoQiBghDSj7o","32ki, Hatsune Miku, 重音テト","2024-05-17","https://i.scdn.co/image/ab67616d0000b27321333eb66e3cf9f3818e789f","1","1","156972","https://p.scdn.co/mp3-preview/0dfcfa7b167698f9df4cd178756bce1a25697d95?cid=9950ac751e34487dbbe027c4fd7f8e99","false","72","JP92Q2400507","spotify:user:andreivillaro","2024-07-07T06:12:10Z"
"spotify:track:3HoJpa6Ehul4iMuGPWFbaW","Mesmerizer","spotify:artist:1ai0uMPwJsrTpNL6TFrboe, spotify:artist:59h3lXo55lPzV3QwTzqkx4","Trickle, Sena Kiryuin","spotify:album:6pPwU6F23U0v28qaQBIDhg","Mesmerizer","spotify:artist:1ai0uMPwJsrTpNL6TFrboe","Trickle","2024-06-01","https://i.scdn.co/image/ab67616d0000b273679f2c537331e75cfc189eb4","1","1","155038","https://p.scdn.co/mp3-preview/6f186eaa3561fdc3318d57a29ffb6e71afcf1020?cid=9950ac751e34487dbbe027c4fd7f8e99","false","43","QZNWS2421062","spotify:user:andreivillaro","2024-07-07T06:18:26Z"
"spotify:track:0uZFcsx96wzbixsULmrg8o","Pasilyo","spotify:artist:4bLLB1dbsRVUTcMpnDGDO2","SunKissed Lola","spotify:album:4shoxv60vMxSDq40tp5cSK","Pasilyo","spotify:artist:4bLLB1dbsRVUTcMpnDGDO2","SunKissed Lola","2022-10-28","https://i.scdn.co/image/ab67616d0000b2734978596b32fde00ce5c4d07d","1","1","270250","https://p.scdn.co/mp3-preview/e15a5d7721918aeea9dcefa4d51fba27867f56a6?cid=9950ac751e34487dbbe027c4fd7f8e99","false","78","AUBEC2225179","spotify:user:andreivillaro","2024-07-08T09:13:37Z"
"spotify:track:7gJD9BarjoFwL2BNQ0rpWT","ファタール - Fatal","spotify:artist:7AUc6z9aVJftqLkiWdQ1ew, spotify:artist:3KJigfhLjMfuE2HXsgXbln, spotify:artist:7mvhRvEAHiCTQHUnH7fgnv","GEMN, Kento Nakajima, Tatsuya Kitani","spotify:album:6OBk036VgLGkxpggcFPqJL","ファタール - Fatal","spotify:artist:7AUc6z9aVJftqLkiWdQ1ew, spotify:artist:3KJigfhLjMfuE2HXsgXbln, spotify:artist:7mvhRvEAHiCTQHUnH7fgnv","GEMN, Kento Nakajima, Tatsuya Kitani","2024-07-04","https://i.scdn.co/image/ab67616d0000b273e096bebbaeaa92c78d7043b4","1","1","219200","https://p.scdn.co/mp3-preview/fc038125cdbe460d4cdfd7e3a8f18490bb44cc10?cid=9950ac751e34487dbbe027c4fd7f8e99","false","71","JPU902401969","spotify:user:andreivillaro","2024-07-10T06:54:03Z"
"spotify:track:0RYHqnmtNRfbYxP6Dn8Vse","masquerade","spotify:artist:0OO76E5lRfeyBI3fkA73Dr","siouxxie sixxsta","spotify:album:1hfRW8Q9CbSzVaKCbaFMxB","masquerade","spotify:artist:0OO76E5lRfeyBI3fkA73Dr","siouxxie sixxsta","2021-11-11","https://i.scdn.co/image/ab67616d0000b273820e38c45e1f46a50c4585e0","1","1","144535","https://p.scdn.co/mp3-preview/d6c572e23c4dd7fbd806e9f2f57cda1619ada2aa?cid=9950ac751e34487dbbe027c4fd7f8e99","false","70","USAT22107451","spotify:user:andreivillaro","2024-07-11T05:05:44Z"
"spotify:track:2llI6h2T2O5KZfn1OhJQAA","ベノム","spotify:artist:6PpaQ5s7sGyfCCL6l3yptE, spotify:artist:462dBSebAL2oxtCpwgMOBY","Kairikibear, flower","spotify:album:4Sqv1ZQTQLa34sqLaB6o2v","ベノム","spotify:artist:6PpaQ5s7sGyfCCL6l3yptE","Kairikibear","2018","https://i.scdn.co/image/ab67616d0000b273745ff8443f0db1cda32e5c97","1","1","203033","https://p.scdn.co/mp3-preview/2e1ed58a02b2a357a1640ccf01ae45af0f2c1011?cid=9950ac751e34487dbbe027c4fd7f8e99","false","62","JPN002100088","spotify:user:andreivillaro","2024-07-12T02:26:27Z"
"spotify:track:4sys6H7gj0kgsa2bUx0IeW","A Bird's Last Look","spotify:artist:7r8EHfxHZHU16sUV3BEH1t","Macabre Plaza","spotify:album:6eKaAhAfbKpu15FT8C89g6","Out With the Old in With the Taboo","spotify:artist:7r8EHfxHZHU16sUV3BEH1t","Macabre Plaza","2022-04-21","https://i.scdn.co/image/ab67616d0000b27365463378aa39c6172a04dc96","1","2","69565","https://p.scdn.co/mp3-preview/22bdbf51537722d384047dd309497edfad6dcd14?cid=9950ac751e34487dbbe027c4fd7f8e99","false","3","TCAGE2226180","spotify:user:andreivillaro","2024-07-17T08:34:35Z"
"spotify:track:4TUYyjQ9SvdYJP0BDXduT6","FASHION ICON","spotify:artist:79NIVAOefeJgwo0QIIZ9t2","ZØMB","spotify:album:55la0i0XdYNAsNv5OTWfCo","FASHION ICON","spotify:artist:79NIVAOefeJgwo0QIIZ9t2","ZØMB","2024-07-24","https://i.scdn.co/image/ab67616d0000b2733a16e7c1bed838f02841c053","1","1","109928","https://p.scdn.co/mp3-preview/ace72591b4230fec4013cd95a5e9503b7074c6ea?cid=9950ac751e34487dbbe027c4fd7f8e99","false","43","TLVEM2437588","spotify:user:andreivillaro","2024-07-26T12:15:39Z"
"spotify:track:5EymZKbHhW9SXP390YJDda","INVERSE REALITY","spotify:artist:79NIVAOefeJgwo0QIIZ9t2","ZØMB","spotify:album:3RuotVcS724NSnzOljxVRP","INVERSE REALITY","spotify:artist:79NIVAOefeJgwo0QIIZ9t2","ZØMB","2024-07-24","https://i.scdn.co/image/ab67616d0000b273ae789d6df4a8b97e032b8b99","1","1","93483","https://p.scdn.co/mp3-preview/7172b803cfe018fba6ab68401ecb13e2ebdc0edb?cid=9950ac751e34487dbbe027c4fd7f8e99","false","35","TLVEM2455999","spotify:user:andreivillaro","2024-07-26T16:27:11Z"
"spotify:track:65DUeMw4riBUibAjktAnZD","シカ色デイズ","spotify:artist:7Du39NxqFzjL8LmvlPJEAN, spotify:artist:6QiTCAQ2JAt94Q7YF9dQNd, spotify:artist:7M7GeLY7h8g2URiwv93XsT, spotify:artist:73326vNByOtmvaXTJryL19","鹿乃子のこ (CV.潘めぐみ), 虎視虎子 (CV.藤田 咲), 虎視餡子 (CV.田辺留依), 馬車芽めめ (CV.和泉風花)","spotify:album:2Hcqkag1iqVc1wAuoIC4gG","シカ色デイズ","spotify:artist:7Du39NxqFzjL8LmvlPJEAN, spotify:artist:6QiTCAQ2JAt94Q7YF9dQNd, spotify:artist:7M7GeLY7h8g2URiwv93XsT, spotify:artist:73326vNByOtmvaXTJryL19","鹿乃子のこ (CV.潘めぐみ), 虎視虎子 (CV.藤田 咲), 虎視餡子 (CV.田辺留依), 馬車芽めめ (CV.和泉風花)","2024-07-08","https://i.scdn.co/image/ab67616d0000b27336048a0c0f6c364e7e931988","1","1","201299","https://p.scdn.co/mp3-preview/f2a2dc59b67ed7223e002529f6dc80d834e2d220?cid=9950ac751e34487dbbe027c4fd7f8e99","false","65","JPI102401591","spotify:user:andreivillaro","2024-08-03T09:47:03Z"
"spotify:track:55cfL4DNLmvh7FMbFd2bhT","Dancing in the Rain","spotify:artist:0if9xXy3yUwyqOjViLYnan","CVllXXX","spotify:album:2bQVyNHtKzjK3wJW0y3IVH","Dancing in the Rain","spotify:artist:0if9xXy3yUwyqOjViLYnan","CVllXXX","2024-05-15","https://i.scdn.co/image/ab67616d0000b2736d6ee88f47b5976e3e30eb18","1","1","254400","https://p.scdn.co/mp3-preview/02c2b919ccbccf8a9a12be617e86bd8858aafa88?cid=9950ac751e34487dbbe027c4fd7f8e99","false","0","JP92A2422108","spotify:user:andreivillaro","2024-08-03T09:49:01Z"
"spotify:track:0DCUrM5omLum9e4UXCKhEM","Burning","spotify:artist:6S8w5rLsEwjN21jQeRES0n","Hitsujibungaku","spotify:album:5ASAZ96MqDUBXSpa5pwCyc","Burning","spotify:artist:6S8w5rLsEwjN21jQeRES0n","Hitsujibungaku","2024-07-03","https://i.scdn.co/image/ab67616d0000b27337e2d9826655e6a8c3dc2d68","1","1","231250","https://p.scdn.co/mp3-preview/3b6900b509cd8268282e146fcf616b74b844fb0e?cid=9950ac751e34487dbbe027c4fd7f8e99","false","62","JPU902401962","spotify:user:andreivillaro","2024-08-03T09:49:38Z"
"spotify:track:5fWENdQUOwU3nN6he05YaA","幽霊船戦","spotify:artist:5XaBNKQo65yYcjNA8wQPOk","Houshou Marine","spotify:album:6L0AtxTExLzvPzPIftKodB","幽霊船戦","spotify:artist:5XaBNKQo65yYcjNA8wQPOk","Houshou Marine","2024-07-31","https://i.scdn.co/image/ab67616d0000b27329930c447d4e4dd98c6d49a8","1","1","264000","https://p.scdn.co/mp3-preview/e60484fc7b4309ecd60ebff2507747d08c2a89de?cid=9950ac751e34487dbbe027c4fd7f8e99","false","48","JPV752408878","spotify:user:andreivillaro","2024-08-03T09:50:02Z"
"spotify:track:0wZUJxxybEiafs0BIg9SAP","My Time","spotify:artist:1EotkJocwHvhFOAsoOj1jJ","bo en","spotify:album:1a2UnYDnfK25QJKfgHNHnu","Pale Machine","spotify:artist:1EotkJocwHvhFOAsoOj1jJ","bo en","2013-09-06","https://i.scdn.co/image/ab67616d0000b27385db40d12f55be3d5df34aa4","1","8","313968","https://p.scdn.co/mp3-preview/bf5acba611ab7f68673c6ee8802e1a6c11770f91?cid=9950ac751e34487dbbe027c4fd7f8e99","false","61","QM2PV1531299","spotify:user:andreivillaro","2024-08-03T09:50:22Z"
"spotify:track:3G2xJfPXUOoBGaV3uuDFAD","『んっあっあっ。』 (feat. 初音ミク)","spotify:artist:1onKSSP12ag3LqViv4sBzR","SLAVE.V-V-R","spotify:album:7ACtFBFsP3LzZriuHEvmDd","『んっあっあっ。』","spotify:artist:1onKSSP12ag3LqViv4sBzR","SLAVE.V-V-R","2021-06-16","https://i.scdn.co/image/ab67616d0000b273391caad5e368fe856cc47c75","1","1","213983","https://p.scdn.co/mp3-preview/5bf8ceaaf87871f385319c7708496a75bd3ef748?cid=9950ac751e34487dbbe027c4fd7f8e99","false","57","JPE562107430","spotify:user:andreivillaro","2024-08-03T09:50:47Z"
"spotify:track:45jaPXs1EROGdFRtT0T8Sx","R","spotify:artist:1bljHdc9g7V7ZLkYuf4yfy","Roselia","spotify:album:5XtGy68gBjYEZpZCbEfQiI","Ｒ","spotify:artist:1bljHdc9g7V7ZLkYuf4yfy","Roselia","2018-07-25","https://i.scdn.co/image/ab67616d0000b27388c7bbf7e06f0e949304a43f","1","1","284833","https://p.scdn.co/mp3-preview/840c0c3aea984ed3088fb2acd0f1066e29c596d4?cid=9950ac751e34487dbbe027c4fd7f8e99","false","19","JPR561700324","spotify:user:andreivillaro","2024-08-03T09:51:37Z"
"spotify:track:47lKHyMERKqbCwYVw4ytTz","Ringing Bloom","spotify:artist:1bljHdc9g7V7ZLkYuf4yfy","Roselia","spotify:album:47gXlcUI10HgzKjkEfe69o","FIRE BIRD","spotify:artist:1bljHdc9g7V7ZLkYuf4yfy","Roselia","2019-07-24","https://i.scdn.co/image/ab67616d0000b273f696a71de07b4b5e094dd47c","1","2","334868","https://p.scdn.co/mp3-preview/8f623db54c8b803736110127790288b60e5038c7?cid=9950ac751e34487dbbe027c4fd7f8e99","false","31","JPR561900006","spotify:user:andreivillaro","2024-08-07T00:18:53Z"
"spotify:track:6aJn7Cst74cj4lNIiPRgav","Touch","spotify:artist:3c0gDdb9lhnHGFtP4prQpn","KATSEYE","spotify:album:1hjqg3TuQ2YqooaPhxHwdv","Touch","spotify:artist:3c0gDdb9lhnHGFtP4prQpn","KATSEYE","2024-07-26","https://i.scdn.co/image/ab67616d0000b2737e76c17cfbc723800452a24f","1","1","129882","","false","86","USUM72407248","spotify:user:andreivillaro","2024-08-08T23:23:12Z"
"spotify:track:2i2gDpKKWjvnRTOZRhaPh2","Moonlight","spotify:artist:1U1el3k54VvEUzo3ybLPlM","Kali Uchis","spotify:album:1y8Yw0NDcP2qxbZufIXt7u","Moonlight","spotify:artist:1U1el3k54VvEUzo3ybLPlM","Kali Uchis","2023-02-24","https://i.scdn.co/image/ab67616d0000b273b13b4a434585f484548e42c9","1","1","187557","","false","78","USUM72219486","spotify:user:andreivillaro","2024-08-09T07:55:32Z"
"spotify:track:65ryGOIrCmHQeA2PicsaG1","可愛くてごめん","spotify:artist:6T2BNiyW0J5qbP0t2MS2Bk","アーリャ（CV：上坂すみれ）","spotify:album:7FxoBwYHcoFc4niouPjod1","可愛くてごめん（TVアニメ「時々ボソッとロシア語でデレる隣のアーリャさん」エンディングテーマ）","spotify:artist:6T2BNiyW0J5qbP0t2MS2Bk","アーリャ（CV：上坂すみれ）","2024-07-11","https://i.scdn.co/image/ab67616d0000b2731c4e0d1c6042fedb85e4e904","1","1","215661","https://p.scdn.co/mp3-preview/a5d4b007e543c5581e498f5a0e5d9dce0eacae14?cid=9950ac751e34487dbbe027c4fd7f8e99","false","52","JPD732400953","spotify:user:andreivillaro","2024-08-09T19:26:58Z"
"spotify:track:61E2KmjQPqQQO4m9OmyQCN","HOPELESS!","spotify:artist:79NIVAOefeJgwo0QIIZ9t2, spotify:artist:6xWCdgEVD3rUXv3AYA4VPj","ZØMB, Willix","spotify:album:1WV9AN66zwocSza3to9Drk","HOPELESS!","spotify:artist:79NIVAOefeJgwo0QIIZ9t2, spotify:artist:6xWCdgEVD3rUXv3AYA4VPj","ZØMB, Willix","2024-08-16","https://i.scdn.co/image/ab67616d0000b2738d88179cb86fadbc42ad3c91","1","1","99884","https://p.scdn.co/mp3-preview/9fa97d3b53a7ab39523ca9c3d7e0bb260104af02?cid=9950ac751e34487dbbe027c4fd7f8e99","false","42","TLVEM2472970","spotify:user:andreivillaro","2024-08-16T12:13:54Z"
"spotify:track:4Xfp9BcKrKYmxJPxn68Yb8","doodle","spotify:artist:3eb6CZwogsXvGkmEUYa9XV","Zachz Winner","spotify:album:0BgLhAoeVwy4zrSEarfNBC","doodle","spotify:artist:3eb6CZwogsXvGkmEUYa9XV","Zachz Winner","2024-02-04","https://i.scdn.co/image/ab67616d0000b27363b7d7daed57882f21ae26d0","1","1","73918","https://p.scdn.co/mp3-preview/40dcb6c0fda3df235ea38f0ead867763fdd6b279?cid=9950ac751e34487dbbe027c4fd7f8e99","false","66","GX89G2443655","spotify:user:andreivillaro","2024-08-16T12:14:07Z"
"spotify:track:6qS2lLfcESmj5JgzrYXs2d","plumbum","spotify:artist:3eb6CZwogsXvGkmEUYa9XV","Zachz Winner","spotify:album:6SISDtqaWwdYFkd4cST4u7","plumbum","spotify:artist:3eb6CZwogsXvGkmEUYa9XV","Zachz Winner","2024-07-23","https://i.scdn.co/image/ab67616d0000b273b234ae597b946b20f35edb97","1","1","84332","https://p.scdn.co/mp3-preview/ca19dc12dc899e519166dc84a7836581e81e9625?cid=9950ac751e34487dbbe027c4fd7f8e99","false","52","DGA072490317","spotify:user:andreivillaro","2024-08-17T05:28:08Z"
"spotify:track:5WGv1GujL9feoHROdIuneQ","Hikari","spotify:artist:1rPMCfJhANfBT78l2wf4d6, spotify:artist:6ZtfvZofStC4xF34rNriyY","Clovis Reyes, VDYCD","spotify:album:0JGpQlSevIEHmNLG9XjJeH","Hikari","spotify:artist:1rPMCfJhANfBT78l2wf4d6, spotify:artist:6ZtfvZofStC4xF34rNriyY","Clovis Reyes, VDYCD","2024-04-14","https://i.scdn.co/image/ab67616d0000b273324b65613a2dcd2c483528ed","1","1","149209","https://p.scdn.co/mp3-preview/ecf90dd795d5c910d8af093db54f6f6dbbab451a?cid=9950ac751e34487dbbe027c4fd7f8e99","false","10","TCAIB2470538","spotify:user:andreivillaro","2024-08-17T08:51:27Z"
"spotify:track:2C6am2buzRLvFKNVr4nl3L","ディア","spotify:artist:7rpKUJ0AnklJ8q9nIPVSpZ","Reol","spotify:album:5N8xSxpW6ufBnobt5iMMXs","ディア","spotify:artist:7rpKUJ0AnklJ8q9nIPVSpZ","Reol","2024-08-18","https://i.scdn.co/image/ab67616d0000b273ab11674f28fcd37089e5885e","1","1","174559","https://p.scdn.co/mp3-preview/153510e2a61beab332e523dfbefec7195cbe757a?cid=9950ac751e34487dbbe027c4fd7f8e99","false","43","JPU902402320","spotify:user:andreivillaro","2024-08-17T20:05:08Z"
"spotify:track:0bXL0baW2rjmjPFotNo8hN","Noise of Rain","spotify:artist:69jNq4RZ3PvQJvMeqtdz7O","40mP","spotify:album:1G9QmcTLZULa3sd5UVXTS2","Short Story","spotify:artist:69jNq4RZ3PvQJvMeqtdz7O","40mP","2016-12-31","https://i.scdn.co/image/ab67616d0000b273dae5bd8979a36981240fdb4c","1","5","214294","https://p.scdn.co/mp3-preview/72fcf40130d14c80f768f6391cdf062be0510803?cid=9950ac751e34487dbbe027c4fd7f8e99","false","30","TCJPG1847215","spotify:user:andreivillaro","2024-08-20T13:26:22Z"
"spotify:track:5496lks6V3fh1mZAB6IAap","Alibi (with Pabllo Vittar & Yseult)","spotify:artist:5MraexJKZDrQYzS98kNwie, spotify:artist:6tzRZ39aZlNqlUzQlkuhDV, spotify:artist:1QsdzIKkTT5gDFj8GB1cIX","Sevdaliza, Pabllo Vittar, Yseult","spotify:album:2m0euKZUDcoyEXHIS5MFCq","Alibi (with Pabllo Vittar & Yseult)","spotify:artist:5MraexJKZDrQYzS98kNwie, spotify:artist:6tzRZ39aZlNqlUzQlkuhDV, spotify:artist:1QsdzIKkTT5gDFj8GB1cIX","Sevdaliza, Pabllo Vittar, Yseult","2024-06-28","https://i.scdn.co/image/ab67616d0000b2734ee35e37bc21fe929a4d3605","1","1","161655","https://p.scdn.co/mp3-preview/34bb0d7c097327243188a812827db8ee336ac10a?cid=9950ac751e34487dbbe027c4fd7f8e99","false","83","NL47E2400004","spotify:user:andreivillaro","2024-08-22T04:55:22Z"
"spotify:track:0AaKGNMnqyRf8xZSWE9m3X","Himitsu da yo","spotify:artist:3s0liW6FMQi0jZ3cHpU2pU, spotify:artist:6pNgnvzBa6Bthsv8SrZJYl","Tuzera, Hatsune Miku","spotify:album:127WeAaWlJD82kEATMeQua","PLAYGROUND i","spotify:artist:3s0liW6FMQi0jZ3cHpU2pU","Tuzera","2024-06-22","https://i.scdn.co/image/ab67616d0000b2732df7794f1d8cfdac00351164","1","3","137142","https://p.scdn.co/mp3-preview/acda6460771c85d809154294bf5904566eb54e4e?cid=9950ac751e34487dbbe027c4fd7f8e99","true","0","UKXN22479870","spotify:user:andreivillaro","2024-08-22T16:47:08Z"
"spotify:track:4SjaQAXyFMPTzioAyi3irb","Fatal","spotify:artist:4DzC4sTTWf2juzeeMiFB8O","Will Stetson","spotify:album:75lxvbL6Iw2qmwkKpT8yjp","Fatal","spotify:artist:4DzC4sTTWf2juzeeMiFB8O","Will Stetson","2024-08-04","https://i.scdn.co/image/ab67616d0000b2737d629c8e3922b38994a09ae9","1","1","219212","","false","0","QZTB32460933","spotify:user:andreivillaro","2024-08-25T05:56:47Z"
"spotify:track:72wehM3q2RVZb4XLmAkyTr","kyu-kurarin","spotify:artist:0gox2jF74UUFl8bDQYyTFr","Iyowa","spotify:album:4f5TDdboXv76t95A48thSs","kyu-kurarin","spotify:artist:0gox2jF74UUFl8bDQYyTFr","Iyowa","2021-09-04","https://i.scdn.co/image/ab67616d0000b273855331e8b7397e718c86c1d1","1","1","217090","https://p.scdn.co/mp3-preview/1481538d37b37b576259bf41b29b83263ca3f88f?cid=9950ac751e34487dbbe027c4fd7f8e99","false","61","TCJPP2171022","spotify:user:andreivillaro","2024-08-28T11:44:10Z"
"spotify:track:16kqUisnDZz1DC789Ks1lE","aishiteitanoni","spotify:artist:7p1fL0cAuCPDMG6oBswFhM","Maretu","spotify:album:4hDLuHOt6Mo98I2SVufLji","aishiteitanoni","spotify:artist:7p1fL0cAuCPDMG6oBswFhM","Maretu","2022-08-02","https://i.scdn.co/image/ab67616d0000b27389fa2926965b4109edd79c97","1","1","219196","https://p.scdn.co/mp3-preview/5458cf37470685cd7ca5c0462facb73bb9d2f90f?cid=9950ac751e34487dbbe027c4fd7f8e99","false","68","TCJPW2397197","spotify:user:andreivillaro","2024-09-01T02:32:05Z"
"spotify:track:1uazGvGRkSfxic8t65JA8P","even though i loved you","spotify:artist:0XIRulaFqB2oBL0c6blec9","razaplays","spotify:album:4biB9mExV94P7AXAsDNv4t","goodmorning,goodnight","spotify:artist:0XIRulaFqB2oBL0c6blec9","razaplays","2024-05-22","https://i.scdn.co/image/ab67616d0000b273e3e1a5d9f92689fde5c89212","1","8","209882","","false","0","GX38U2436792","spotify:user:andreivillaro","2024-09-01T02:32:14Z"
"spotify:track:50eZvIHB0xLGufN0V6FGcF","おともだち","spotify:artist:6JO3HrRYUfSMbe71R7RUF2","Phantom Siita","spotify:album:7zoaKknjImLwzHwzGMcsey","おともだち","spotify:artist:6JO3HrRYUfSMbe71R7RUF2","Phantom Siita","2024-06-26","https://i.scdn.co/image/ab67616d0000b2736ffa37534b6723b21506c87f","1","1","194634","","false","51","JPPO02403138","spotify:user:andreivillaro","2024-09-10T05:02:49Z"
"spotify:track:4f8H2P197Hbx7n7Ey5g4Y8","SUPERSTAR!","spotify:artist:79NIVAOefeJgwo0QIIZ9t2","ZØMB","spotify:album:3zBA8ggOcep9nNF7v3XnkW","SUPERSTAR!","spotify:artist:79NIVAOefeJgwo0QIIZ9t2","ZØMB","2024-09-09","https://i.scdn.co/image/ab67616d0000b27307f9c34defc3653ae07af4a8","1","1","114335","https://p.scdn.co/mp3-preview/ed11838a8c49fd0f7cebfe4c1f5d158966a730f1?cid=9950ac751e34487dbbe027c4fd7f8e99","false","43","QT2VB2418045","spotify:user:andreivillaro","2024-09-10T11:41:50Z"
"spotify:track:4zhVJWhY9h3T5dipSPS0NQ","Nismo","spotify:artist:6xWCdgEVD3rUXv3AYA4VPj, spotify:artist:79NIVAOefeJgwo0QIIZ9t2","Willix, ZØMB","spotify:album:03tKrtAfeInXSGzoHKLoEl","Nismo","spotify:artist:6xWCdgEVD3rUXv3AYA4VPj, spotify:artist:79NIVAOefeJgwo0QIIZ9t2","Willix, ZØMB","2023-05-22","https://i.scdn.co/image/ab67616d0000b273e7ac193c39c46d360e3d7c50","1","1","128000","https://p.scdn.co/mp3-preview/bed6a0f992eab8e4774646bd1c5586b8a161bba8?cid=9950ac751e34487dbbe027c4fd7f8e99","false","27","GBKQU2329482","spotify:user:andreivillaro","2024-09-10T11:46:21Z"
"spotify:track:4h3K5he5ItFqJB1MVHMKJV","Metadata","spotify:artist:6xWCdgEVD3rUXv3AYA4VPj, spotify:artist:2mzoYbBlpbuJEv1E0U3Mj5","Willix, zmb.rchv","spotify:album:4iLsgAr1wbuz1B8MkGc6wf","Metadata","spotify:artist:6xWCdgEVD3rUXv3AYA4VPj, spotify:artist:2mzoYbBlpbuJEv1E0U3Mj5","Willix, zmb.rchv","2023-04-07","https://i.scdn.co/image/ab67616d0000b273e00794ad25cff82fb773ed17","1","1","108518","https://p.scdn.co/mp3-preview/5fe57965a9b028a3b48b4a8daaa73cecf6e1a84f?cid=9950ac751e34487dbbe027c4fd7f8e99","false","51","QZHN72353448","spotify:user:andreivillaro","2024-09-10T11:46:29Z"
"spotify:track:6A8gCLkB0vVfA1q0RwOY4p","Signal [feat. Such] - Mameyudoufu Remix","spotify:artist:0S23vj2YyvxsVlhqqSohrk, spotify:artist:0m7tILDYjOZCFFVVGmI3io","rejection, Such","spotify:album:0Ug6xTTVVc5Z7b7NOr2xgw","Signal (Remix)","spotify:artist:0S23vj2YyvxsVlhqqSohrk","rejection","2020-04-28","https://i.scdn.co/image/ab67616d0000b273656e941018485572832cfbb1","1","1","227500","https://p.scdn.co/mp3-preview/b434fb3a71c65bd0952e41df03d09d9cb31dba9b?cid=9950ac751e34487dbbe027c4fd7f8e99","false","31","TCJPL2015965","spotify:user:andreivillaro","2024-09-11T01:51:33Z"
"spotify:track:2kagFKA8Ak6au7aJsqnpgC","サッドガール・セックス","spotify:artist:7kZTWx6cRLc0TSRPq1XBMP","DECO*27","spotify:album:3DckhebqYPWzmK1b3LmiLK","サッドガール・セックス","spotify:artist:7kZTWx6cRLc0TSRPq1XBMP","DECO*27","2024-08-24","https://i.scdn.co/image/ab67616d0000b273273d545ba326aafdc9252f2d","1","1","190000","https://p.scdn.co/mp3-preview/2738e6ad1638375a18bf88c8a5ca3479975bab3a?cid=9950ac751e34487dbbe027c4fd7f8e99","false","50","JP92Q2400633","spotify:user:andreivillaro","2024-09-17T03:05:15Z"
"spotify:track:4mTLnLuHoGhA2xd595OMg1","Shiawase - VIP","spotify:artist:06VibSJEr3GLxLBBZhRums","Dion Timmer","spotify:album:3kjZtcljgpKUuSpTPpNYoZ","Shiawase (VIP)","spotify:artist:06VibSJEr3GLxLBBZhRums","Dion Timmer","2020-09-09","https://i.scdn.co/image/ab67616d0000b273d1dcf9ce8d292b960e2ea160","1","1","181750","https://p.scdn.co/mp3-preview/a39903be4d3f0fec79d4d65009bd426b44467e61?cid=9950ac751e34487dbbe027c4fd7f8e99","false","58","CA6D22000235","spotify:user:andreivillaro","2024-09-17T05:39:39Z"
"spotify:track:16TNNC68tTEIGc8vqvoWg6","ULTRA C","spotify:artist:7rpKUJ0AnklJ8q9nIPVSpZ, spotify:artist:5eduWHej9M7DxUUO3jokA3","Reol, nqrse","spotify:album:1UyxLrubhJ7WYhzcsxOVgL","ULTRA C","spotify:artist:7rpKUJ0AnklJ8q9nIPVSpZ, spotify:artist:5eduWHej9M7DxUUO3jokA3","Reol, nqrse","2024-09-18","https://i.scdn.co/image/ab67616d0000b273f5c2df9d1bc7988ea9c361d6","1","1","179351","https://p.scdn.co/mp3-preview/14077a29926d22567f7e69a9a715dc832e5bf37c?cid=9950ac751e34487dbbe027c4fd7f8e99","false","48","JPU902401935","spotify:user:andreivillaro","2024-09-18T04:50:15Z"
"spotify:track:2yR2sziCF4WEs3klW1F38d","KEEP UP","spotify:artist:7ITMCzIU9uII8gwRg8JAhc","Odetari","spotify:album:526xuSD6c45Gb5hH4rN8RY","KEEP UP // FROSTBITE","spotify:artist:7ITMCzIU9uII8gwRg8JAhc","Odetari","2024-07-17","https://i.scdn.co/image/ab67616d0000b273e06c1525c488705c512884bd","1","1","133226","","true","80","QZZ4J2400386","spotify:user:andreivillaro","2024-09-21T01:27:45Z"
"spotify:track:2qSkIjg1o9h3YT9RAgYN75","Espresso","spotify:artist:74KM79TiuVKeVCqs8QtB0B","Sabrina Carpenter","spotify:album:5quMTd5zeI9yW5UDua8wS4","Espresso","spotify:artist:74KM79TiuVKeVCqs8QtB0B","Sabrina Carpenter","2024-04-12","https://i.scdn.co/image/ab67616d0000b273659cd4673230913b3918e0d5","1","1","175459","","true","90","USUM72403305","spotify:user:andreivillaro","2024-09-23T12:13:34Z"
"spotify:track:2RsQvo0pnEavfVCJLvBhnN","Packet Hero - cover","spotify:artist:7ui2RoF4OYUgPGX937n5xQ","sana","spotify:album:1gPNzsqhioRnpDpOGOsNfs","(un) sentimental spica","spotify:artist:7ui2RoF4OYUgPGX937n5xQ","sana","2015-12-31","https://i.scdn.co/image/ab67616d0000b27314fee4b661cd97da9589e7f3","1","6","276013","https://p.scdn.co/mp3-preview/a973a2bd1f26e9f7c6664ecf3c11043b3cb4297f?cid=9950ac751e34487dbbe027c4fd7f8e99","false","29","TCJPT2244118","spotify:user:andreivillaro","2024-09-26T03:38:20Z"
"spotify:track:5G2f63n7IPVPPjfNIGih7Q","Taste","spotify:artist:74KM79TiuVKeVCqs8QtB0B","Sabrina Carpenter","spotify:album:3iPSVi54hsacKKl1xIR2eH","Short n' Sweet","spotify:artist:74KM79TiuVKeVCqs8QtB0B","Sabrina Carpenter","2024-08-23","https://i.scdn.co/image/ab67616d0000b273fd8d7a8d96871e791cb1f626","1","1","157279","","false","92","USUM72404100","spotify:user:andreivillaro","2024-09-26T23:19:37Z"
"spotify:track:71mAb3mLkWivqqa8O5oFP1","Girls Like You","spotify:artist:3Yn9lP2nlhjqV0dhtYDigs","Kam Prada","spotify:album:5wThCoDIziAabnfGxkBC4g","Girls Like You","spotify:artist:3Yn9lP2nlhjqV0dhtYDigs","Kam Prada","2024-08-09","https://i.scdn.co/image/ab67616d0000b27361d60e62f28961f9626500b3","1","1","142962","https://p.scdn.co/mp3-preview/3f305892051c4a9c16cbcf1accbeec23a0edbd03?cid=9950ac751e34487dbbe027c4fd7f8e99","false","29","TLVEM2462998","spotify:user:andreivillaro","2024-09-27T06:32:11Z"
"spotify:track:5V4zknk2QUAwda8QUWlEMT","Mesmerizer - Official English Version","spotify:artist:76SIHZoc1kOba5ynrOtvOX, spotify:artist:4DzC4sTTWf2juzeeMiFB8O, spotify:artist:2SW5wli9uAsYHQnezGESFB","32ki, Will Stetson, Rachie","spotify:album:68VJjMM1wVg71oyuOnUYSB","Mesmerizer (Official English Version)","spotify:artist:76SIHZoc1kOba5ynrOtvOX, spotify:artist:4DzC4sTTWf2juzeeMiFB8O, spotify:artist:2SW5wli9uAsYHQnezGESFB","32ki, Will Stetson, Rachie","2024-09-26","https://i.scdn.co/image/ab67616d0000b2738c85f10e724b77d0a0e52bd6","1","1","157013","https://p.scdn.co/mp3-preview/333e7b4d64bd9ed0f9b6aaa6384e2e36be87de2f?cid=9950ac751e34487dbbe027c4fd7f8e99","false","58","JP92U2400647","spotify:user:andreivillaro","2024-09-27T12:14:32Z"
"spotify:episode:04jfHRwUzEotb803RvsHIV","mesmerizer 25 people","spotify:show:2Blyl4jNwuiL9ebU5Ufr3P","null","spotify:show:2Blyl4jNwuiL9ebU5Ufr3P","matcha's room 4.0 (break!!!)","spotify:show:2Blyl4jNwuiL9ebU5Ufr3P","null","","https://i.scdn.co/image/ab6765630000ba8ac02b69a77864227c685bf21e","0","0","165503","https://podz-content.spotifycdn.com/audio/clips/79hXx0BHsfF0bExsrQoIE8/clip_1344_61344.mp3","false","0","","spotify:user:andreivillaro","2024-09-27T12:14:41Z"
"spotify:track:3ewrNlqRumHz0hHHjeamkN","Truths, Ironies, The Secret Lyrics","spotify:artist:133ZFcHur9ckcKLnJ0XNJS","Foreground Eclipse","spotify:album:3QWB22qBGpDSwALq5mxnvQ","Stories That Last Through The Sleepless Nights","spotify:artist:133ZFcHur9ckcKLnJ0XNJS","Foreground Eclipse","2013-12-30","https://i.scdn.co/image/ab67616d0000b273af2a2e8094e8b68bedcc2113","1","5","218373","https://p.scdn.co/mp3-preview/46ded24c414920675734d01d3a54fdd6ea09ff8c?cid=9950ac751e34487dbbe027c4fd7f8e99","false","35","QZHN82369965","spotify:user:andreivillaro","2024-09-28T00:41:08Z"
"spotify:track:59oqBXZt0reMEYqTo4yBGC","Arkadia","spotify:artist:630wzNP2OL7fl4Xl0GnMWq","BABYMETAL","spotify:album:6rxRhft7JZtXavzHP2g2el","METAL GALAXY","spotify:artist:630wzNP2OL7fl4Xl0GnMWq","BABYMETAL","2019-10-11","https://i.scdn.co/image/ab67616d0000b2732bb4e77f30c614c2a7b67b9d","1","14","318692","https://p.scdn.co/mp3-preview/1a285ad84f290da3ea7592c2919fd254be23c171?cid=9950ac751e34487dbbe027c4fd7f8e99","false","43","JPTF01907208","spotify:user:andreivillaro","2024-09-28T18:46:16Z"
"spotify:track:0JcINBOEZFMchzVInOdk1V","Drowning Love - Chasing Kou","spotify:artist:5GARimhxfjVVPvVBsplJlv","Penguin Piano","spotify:album:3pwtHGowQOfeEe22gaf5TE","Intersteller","spotify:artist:5GARimhxfjVVPvVBsplJlv","Penguin Piano","2024-02-01","https://i.scdn.co/image/ab67616d0000b273cd8da721432699dcc9623b8a","1","16","113499","https://p.scdn.co/mp3-preview/fe114995339daa6b99f4be02fa3dfc9095064b4d?cid=9950ac751e34487dbbe027c4fd7f8e99","false","61","QZYD92401378","spotify:user:andreivillaro","2024-10-03T20:01:15Z"
"spotify:track:7nujhR6eck3NCE2oQRyDFz","弾きこもり","spotify:artist:2VcWFvgGxVdma52qB5DSDw","AKASAKI","spotify:album:4qVclJ7bWURb4dn6pD693e","弾きこもり","spotify:artist:2VcWFvgGxVdma52qB5DSDw","AKASAKI","2024-04-24","https://i.scdn.co/image/ab67616d0000b27319b2debdbcdb45a9e6349340","1","1","179493","","false","56","JPPO02401043","spotify:user:andreivillaro","2024-10-04T02:42:41Z"
"spotify:track:5emXem2kOGCT60pXIskTnr","while (true) {}","spotify:artist:0f8ZeeUM2L8OWuEUQ3rs8z","ミ瑞","spotify:album:0qEP86x9MK0zie0wUkimTk","while (true) {}","spotify:artist:0f8ZeeUM2L8OWuEUQ3rs8z","ミ瑞","2024-05-15","https://i.scdn.co/image/ab67616d0000b2733a1f04e2fe9d84ab086a95ee","1","1","244528","https://p.scdn.co/mp3-preview/07b78cdd430f5757eacfce42438f1b7435938502?cid=9950ac751e34487dbbe027c4fd7f8e99","false","6","JP92U2451352","spotify:user:andreivillaro","2024-10-04T03:21:20Z"
"spotify:track:78JC1XsJD6pF5LASINrvGN","Rabbit Hole","spotify:artist:2SW5wli9uAsYHQnezGESFB","Rachie","spotify:album:6IvkrckAS3UCwgMlGKYeF4","Rabbit Hole","spotify:artist:2SW5wli9uAsYHQnezGESFB","Rachie","2024-05-19","https://i.scdn.co/image/ab67616d0000b2731ba4c5f1ec2246c849de1655","1","1","164048","https://p.scdn.co/mp3-preview/7511dd1ebaaae459d1cd2c6dd24702a99ceabe9e?cid=9950ac751e34487dbbe027c4fd7f8e99","false","57","QZMER2477244","spotify:user:andreivillaro","2024-10-05T08:44:30Z"
"spotify:track:2Tc9VznHtQUmfOgE3L1RdN","If You Can't Hang","spotify:artist:3N8Hy6xQnQv1F1XCiyGQqA","Sleeping With Sirens","spotify:album:3RSJ0kbP7TxLRqH7BqX8Gl","Let's Cheers To This","spotify:artist:3N8Hy6xQnQv1F1XCiyGQqA","Sleeping With Sirens","2011-05-09","https://i.scdn.co/image/ab67616d0000b273800934f8144df91dae16b6e4","1","2","250240","https://p.scdn.co/mp3-preview/f28407ed3c8fb85c979a0f93f2a5a2fb9c8ad51b?cid=9950ac751e34487dbbe027c4fd7f8e99","false","75","USEK71113202","spotify:user:andreivillaro","2024-10-08T05:43:53Z"
"spotify:track:1TMWcbxL5YF8rKsFHv5hAP","Rules","spotify:artist:5cj0lLjcoR7YOSnhnX0Po5","Doja Cat","spotify:album:1MmVkhiwTH0BkNOU3nw5d3","Hot Pink","spotify:artist:5cj0lLjcoR7YOSnhnX0Po5","Doja Cat","2019-11-07","https://i.scdn.co/image/ab67616d0000b273f14aa81116510d3a6df8432b","1","3","187040","https://p.scdn.co/mp3-preview/150fff515a64f314cb8e460414be4c914c8d8be4?cid=9950ac751e34487dbbe027c4fd7f8e99","true","75","USRC11902867","spotify:user:andreivillaro","2024-10-10T06:06:48Z"
"spotify:track:3zhbXKFjUDw40pTYyCgt1Y","What is Love?","spotify:artist:7n2Ycct7Beij7Dj7meI4X0","TWICE","spotify:album:2GKTroaa4ysyhEdvzpvUoM","Summer Nights","spotify:artist:7n2Ycct7Beij7Dj7meI4X0","TWICE","2018-07-09","https://i.scdn.co/image/ab67616d0000b27340d7efd2594a2b6bda60ea18","1","4","208240","https://p.scdn.co/mp3-preview/7cf97f0a388ecdc193e15ab7dd564d3e8e2e7706?cid=9950ac751e34487dbbe027c4fd7f8e99","false","78","US5TA1800038","spotify:user:andreivillaro","2024-10-12T09:06:21Z"
"spotify:track:65y00KI7ndohBzv1AeLAZG","Just Monika: a Doki Doki Literature Club Song","spotify:artist:23Mk68F0po0fPFDUXLY0wX, spotify:artist:3Tqz477C42DxC4UT7rk3yx, spotify:artist:33YwE27uFjLjx0lAusgLYE","Random Encounters, OR3O, Adriana Figueroa","spotify:album:5nCkjrBQw4JJgQVSmeD0dD","Just Monika: a Doki Doki Literature Club Song","spotify:artist:23Mk68F0po0fPFDUXLY0wX","Random Encounters","2018-02-16","https://i.scdn.co/image/ab67616d0000b27386d8c8f1e12c851cd5b837d1","1","1","226736","https://p.scdn.co/mp3-preview/c4b2300a964a5ab1758c762a64478ddff48124e4?cid=9950ac751e34487dbbe027c4fd7f8e99","false","54","QZARB1846114","spotify:user:andreivillaro","2024-10-15T06:44:59Z"
"spotify:track:2nKzhen7U2hJqZSKJcg8Ei","Altar","spotify:artist:5mlbvTfWUOfDrUIK6dkNzv","Poppy","spotify:album:1LXJcgThDI0rAJRBkRk07s","Bubblebath","spotify:artist:5mlbvTfWUOfDrUIK6dkNzv","Poppy","2016-06-10","https://i.scdn.co/image/ab67616d0000b2737e648f95f0e0495694309569","1","3","160400","","false","44","USUM71600918","spotify:user:andreivillaro","2024-10-16T01:49:39Z"
"spotify:track:41VbKUDf46m5UYExzpUnxN","1番輝く星","spotify:artist:6T2BNiyW0J5qbP0t2MS2Bk","アーリャ（CV：上坂すみれ）","spotify:album:3OA99Sg251k68lKlp2P3ky","TVアニメ「時々ボソッとロシア語でデレる隣のアーリャさん」オープニングテーマ「1番輝く星」","spotify:artist:6T2BNiyW0J5qbP0t2MS2Bk","アーリャ（CV：上坂すみれ）","2024-07-04","https://i.scdn.co/image/ab67616d0000b273e565df794fc9d1f69bd2475a","1","1","232191","https://p.scdn.co/mp3-preview/f00e9f4c48712185cf0a4f58e7a1eb1f9fe6e52b?cid=9950ac751e34487dbbe027c4fd7f8e99","false","52","JPD732400763","spotify:user:andreivillaro","2024-10-19T02:54:22Z"
"spotify:track:478MR37OX1FZV8ngGCqemn","TOMORROW","spotify:artist:1WAGre0baNiJXIRT5JSMn9","Machico","spotify:album:6XnD2rXUYPmbHa8xslYsMq","SOL","spotify:artist:1WAGre0baNiJXIRT5JSMn9","Machico","2017-05-24","https://i.scdn.co/image/ab67616d0000b273c07e2e2c5f488e7299b9f73a","1","11","277480","https://p.scdn.co/mp3-preview/43eae63d1d7c6c071d0fe02fa93fa82109bffa5b?cid=9950ac751e34487dbbe027c4fd7f8e99","false","52","JPCO01640930","spotify:user:andreivillaro","2024-10-19T02:57:10Z"
"spotify:track:6avvVNDCKYVIIxrZ7TaFKd","小さな恋のうた","spotify:artist:6T2BNiyW0J5qbP0t2MS2Bk","アーリャ（CV：上坂すみれ）","spotify:album:5hvz5mqsdUSykwJBxNJxkp","小さな恋のうた（TVアニメ「時々ボソッとロシア語でデレる隣のアーリャさん」エンディングテーマ）","spotify:artist:6T2BNiyW0J5qbP0t2MS2Bk","アーリャ（CV：上坂すみれ）","2024-08-01","https://i.scdn.co/image/ab67616d0000b2734669428b18bcb6e45a9b68f6","1","1","249411","https://p.scdn.co/mp3-preview/83d5eeb9797b5193fe9b93467416f004e9557fb0?cid=9950ac751e34487dbbe027c4fd7f8e99","false","42","JPD732400949","spotify:user:andreivillaro","2024-10-19T07:04:13Z"
"spotify:track:3IG0DSV4U15NtX31Y0czx3","Unlock it (Lock It) - feat. Kim Petras and Jay Park","spotify:artist:25uiPmTg16RbhZWAqwLBy5, spotify:artist:3Xt3RrJMFv5SZkCfUE8C1J, spotify:artist:4XDi67ZENZcbfKnvMnTYsI","Charli xcx, Kim Petras, Jay Park","spotify:album:6F0Lx2gNEAgaRc7hP3knje","Unlock it (Lock It) [feat. Kim Petras and Jay Park]","spotify:artist:25uiPmTg16RbhZWAqwLBy5, spotify:artist:3Xt3RrJMFv5SZkCfUE8C1J, spotify:artist:4XDi67ZENZcbfKnvMnTYsI","Charli xcx, Kim Petras, Jay Park","2017-12-11","https://i.scdn.co/image/ab67616d0000b2735a00ee8904151f0f55344531","1","1","232933","https://p.scdn.co/mp3-preview/dd00763f726fa1cd6a28c8d57e9d50198ef4f9f5?cid=9950ac751e34487dbbe027c4fd7f8e99","false","51","GBAHS1701206","spotify:user:andreivillaro","2024-10-24T05:09:07Z"
"spotify:track:63yoRZd5zl6Ah30hfDm97k","M@GICAL CURE! LOVE SHOT! (feat. Hatsune Miku)","spotify:artist:7FrCrchJaoLmKcn3jcGWoX, spotify:artist:6pNgnvzBa6Bthsv8SrZJYl","SAWTOWNE, Hatsune Miku","spotify:album:6GfiQAOysgD6k8FZ8TBvG0","M@GICAL CURE! LOVE SHOT!","spotify:artist:7FrCrchJaoLmKcn3jcGWoX, spotify:artist:6pNgnvzBa6Bthsv8SrZJYl","SAWTOWNE, Hatsune Miku","2024-03-19","https://i.scdn.co/image/ab67616d0000b273a2f3d4936b6f398d90949081","1","1","201875","https://p.scdn.co/mp3-preview/f4a77fbf913dacffd323d2f132d3772aebac4405?cid=9950ac751e34487dbbe027c4fd7f8e99","false","69","JP92Q2400289","spotify:user:andreivillaro","2024-10-24T12:07:55Z"
"spotify:track:6oQd9KEbRMERESY1pftFyn","Medicine","spotify:artist:7uugnrrGcHNunhme3bP1y3","Sasuke Haraguchi","spotify:album:3drg6tbDTAYqmpjejScu3f","Medicine","spotify:artist:7uugnrrGcHNunhme3bP1y3","Sasuke Haraguchi","2024-03-06","https://i.scdn.co/image/ab67616d0000b27369fc8b848dc3ccb2824b18de","1","1","120352","https://p.scdn.co/mp3-preview/27807e625fb73a2a7b71567a6c2c57110e90ef43?cid=9950ac751e34487dbbe027c4fd7f8e99","false","65","TCJPZ2455806","spotify:user:andreivillaro","2024-10-24T12:08:36Z"
"spotify:track:5vNRhkKd0yEAg8suGBpjeY","APT.","spotify:artist:3eVa5w3URK5duf6eyVDbu9, spotify:artist:0du5cEVh5yTK9QJze8zA0C","ROSÉ, Bruno Mars","spotify:album:2IYQwwgxgOIn7t3iF6ufFD","APT.","spotify:artist:3eVa5w3URK5duf6eyVDbu9, spotify:artist:0du5cEVh5yTK9QJze8zA0C","ROSÉ, Bruno Mars","2024-10-18","https://i.scdn.co/image/ab67616d0000b27336032cb4acd9df050bc2e197","1","1","169917","https://p.scdn.co/mp3-preview/ac3162457c176c3c303cb1e6fc895d1a631f680e?cid=9950ac751e34487dbbe027c4fd7f8e99","false","94","USAT22409172","spotify:user:andreivillaro","2024-10-30T01:56:24Z"
"spotify:track:003vvx7Niy0yvhvHt4a68B","Mr. Brightside","spotify:artist:0C0XlULifJtAgn6ZNCW2eu","The Killers","spotify:album:4piJq7R3gjUOxnYs6lDCTg","Hot Fuss","spotify:artist:0C0XlULifJtAgn6ZNCW2eu","The Killers","2004","https://i.scdn.co/image/ab67616d0000b273ccdddd46119a4ff53eaf1f5d","1","2","222973","","false","91","USIR20400274","spotify:user:andreivillaro","2024-10-30T04:56:58Z"
"spotify:track:3Lu59KjuBy96vEaMBgGPud","バグ (feat. 宵崎奏&朝比奈まふゆ&東雲絵名&暁山瑞希&鏡音レン)","spotify:artist:1VMXuPyhNldYomz8ojLKP7","25時、ナイトコードで。","spotify:album:5mZsk1IhSXRG4N2I37CRty","ノマド/バグ","spotify:artist:1VMXuPyhNldYomz8ojLKP7","25時、ナイトコードで。","2023-06-07","https://i.scdn.co/image/ab67616d0000b2733840034ed980d289c96ac9eb","1","2","171533","https://p.scdn.co/mp3-preview/3d9f594bdfe5f46b18b24fa2c22b93578c59dae2?cid=9950ac751e34487dbbe027c4fd7f8e99","false","60","JPX302248350","spotify:user:andreivillaro","2024-10-30T21:36:25Z"
"spotify:track:5T5dTIqmFBB7SK7f9Mi3jW","I.F.","spotify:artist:3K6tT5JIbqu3gV7wWlsgvT","Release Hallucination","spotify:album:71Im3HkxyIk8OypYiE9aBR","Imperfection of Imaginary Number","spotify:artist:3K6tT5JIbqu3gV7wWlsgvT","Release Hallucination","2019-06-12","https://i.scdn.co/image/ab67616d0000b2730fef9a78a535cae232a1c6c7","1","3","418267","https://p.scdn.co/mp3-preview/ef2c8cf82f7ef25fabbfb1686e72ac85356f805c?cid=9950ac751e34487dbbe027c4fd7f8e99","false","35","ushm21927082","spotify:user:andreivillaro","2024-10-31T17:44:13Z"
"spotify:track:09rcuZTa4ttk6LuUhPgWLz","GLAMOROUS TYPE!","spotify:artist:79NIVAOefeJgwo0QIIZ9t2","ZØMB","spotify:album:5A6PboazU3IiRt78U1oqv3","GLAMOROUS TYPE!","spotify:artist:79NIVAOefeJgwo0QIIZ9t2","ZØMB","2024-11-02","https://i.scdn.co/image/ab67616d0000b2730f668ad007882d4523fd4e06","1","1","110475","https://p.scdn.co/mp3-preview/a1326fdb5d9807c2aa3f815d8d20fe87a4bbcf29?cid=9950ac751e34487dbbe027c4fd7f8e99","false","46","QZVEM1804592","spotify:user:andreivillaro","2024-11-03T06:34:45Z"
"spotify:track:0qlbvWRpZBKtaNeB6v8pD5","LETS RECONNECT!","spotify:artist:79NIVAOefeJgwo0QIIZ9t2","ZØMB","spotify:album:69RcI02xEslAu9ShwqJVZ5","LETS RECONNECT!","spotify:artist:79NIVAOefeJgwo0QIIZ9t2","ZØMB","2024-09-25","https://i.scdn.co/image/ab67616d0000b273324a8ce78e3379eb82be0009","1","1","84087","https://p.scdn.co/mp3-preview/163d60430331d40c34e592dbd2d64dc055719faf?cid=9950ac751e34487dbbe027c4fd7f8e99","false","41","QT2VB2432141","spotify:user:andreivillaro","2024-11-07T06:42:33Z"
"spotify:track:7mykoq6R3BArsSpNDjFQTm","I Really Want to Stay at Your House","spotify:artist:1X0HaTcdkHW7LviblBiEeq, spotify:artist:5JNkPX6dYGLeEm4cUjHNGc","Rosa Walton, Hallie Coggins","spotify:album:1VGVJdmvOSRK2w9RKXk18A","Cyberpunk 2077: Radio, Vol. 2 (Original Soundtrack)","spotify:artist:0LyfQWJT6nXafLPZqxe9Of","Various Artists","2020-12-18","https://i.scdn.co/image/ab67616d0000b273a91a5b301baac1f46e6f30eb","1","5","246652","https://p.scdn.co/mp3-preview/4458f61d9260d98a9143303c0db8a50e4677672a?cid=9950ac751e34487dbbe027c4fd7f8e99","false","79","USLS52081705","spotify:user:andreivillaro","2024-11-07T16:00:46Z"
"spotify:track:3g7P9lSFWeRjU3dcB1v1wT","Shojo Rei","spotify:artist:6OqbVFq8mPSp5JPOUihPSj","Toumeinokuni","spotify:album:5IoXIWIS8ryzUrwMfR24Dc","Toumeinokuni Cover Collection Vol.1","spotify:artist:6OqbVFq8mPSp5JPOUihPSj","Toumeinokuni","2023-04-26","https://i.scdn.co/image/ab67616d0000b273978be6466ce8e6f6e0c5c659","1","2","291198","https://p.scdn.co/mp3-preview/a7d69a069b21e85a0686b237853a0da5ef894d3d?cid=9950ac751e34487dbbe027c4fd7f8e99","false","20","JPPC02112026","spotify:user:andreivillaro","2024-11-12T21:02:07Z"
"spotify:track:1M6VHCglQ2PLWeAsyhgEUH","detonate","spotify:artist:25uiPmTg16RbhZWAqwLBy5","Charli xcx","spotify:album:3a9qH2VEsSiOZvMrjaS0Nu","how i'm feeling now","spotify:artist:25uiPmTg16RbhZWAqwLBy5","Charli xcx","2020-05-15","https://i.scdn.co/image/ab67616d0000b27349bdbd5880802dcbe4e0b2dd","1","5","219426","https://p.scdn.co/mp3-preview/53edc6a9d6eab74017625319734baf67687b1e53?cid=9950ac751e34487dbbe027c4fd7f8e99","false","63","GBAHS2000217","spotify:user:andreivillaro","2024-11-30T06:44:23Z"
"spotify:track:2RdEC8Ff83WkX7kDVCHseE","party 4 u","spotify:artist:25uiPmTg16RbhZWAqwLBy5","Charli xcx","spotify:album:3a9qH2VEsSiOZvMrjaS0Nu","how i'm feeling now","spotify:artist:25uiPmTg16RbhZWAqwLBy5","Charli xcx","2020-05-15","https://i.scdn.co/image/ab67616d0000b27349bdbd5880802dcbe4e0b2dd","1","9","296653","https://p.scdn.co/mp3-preview/7b61e74ffc3335d1a168ab70b5d4acfd2476545c?cid=9950ac751e34487dbbe027c4fd7f8e99","false","93","GBAHS2000219","spotify:user:andreivillaro","2024-11-30T07:03:33Z"
"spotify:track:0XdFOIVWeXVrkQjjxnfguh","Fingerprint","spotify:artist:7093KDv5fe6sYv66nUo7kK","julip","spotify:album:6VgmyCacZ9cKMvxRnut1mG","Saturday / Fingerprint","spotify:artist:7093KDv5fe6sYv66nUo7kK","julip","2024-09-20","https://i.scdn.co/image/ab67616d0000b273bf5be7853d3a5e75f88a24d1","1","2","96000","https://p.scdn.co/mp3-preview/d50daed7849743884ff1a178361317e7190db5ea?cid=9950ac751e34487dbbe027c4fd7f8e99","false","25","QT2VB2408784","spotify:user:andreivillaro","2024-12-04T07:00:14Z"
"spotify:track:0JJP0IS4w0fJx01EcrfkDe","Dear Maria, Count Me In","spotify:artist:46gyXjRIvN1NL1eCB8GBxo","All Time Low","spotify:album:0H4ELcHequ3OligrjWfrZP","So Wrong, It's Right","spotify:artist:46gyXjRIvN1NL1eCB8GBxo","All Time Low","2007-09-25","https://i.scdn.co/image/ab67616d0000b273c8913cd7b91bb7f6bbbec305","1","6","182826","https://p.scdn.co/mp3-preview/75afe1f2f10936869652f72a5222823fa1d6999e?cid=9950ac751e34487dbbe027c4fd7f8e99","false","82","USHR20747017","spotify:user:andreivillaro","2024-12-09T20:53:33Z"
"spotify:track:0cQsu2wHTZmM5kHCjB8Yy6","Dear Maria, Count Me In - Japanese Version","spotify:artist:5iJsReQNQzuHVkLLXUpRCy","Sunrise Skater Kids","spotify:album:0zCwiQ8D9aWMap5xnud3TD","Dear Maria, Count Me In (Japanese Version)","spotify:artist:5iJsReQNQzuHVkLLXUpRCy","Sunrise Skater Kids","2021-11-19","https://i.scdn.co/image/ab67616d0000b273d922677ee21c10a1a9c25419","1","1","182817","https://p.scdn.co/mp3-preview/5df2956dfd8c2b653ea869badae79f86f2fed29d?cid=9950ac751e34487dbbe027c4fd7f8e99","false","44","QZNWY2162103","spotify:user:andreivillaro","2024-12-09T20:53:38Z"
"spotify:track:0fx2BkX6CYYDteR8HiLf1Y","Black Sheep","spotify:artist:1rCIEwPp5OnXW0ornlSsRl","Metric","spotify:album:6WRVuyOS840mRGrGe3510y","Scott Pilgrim Vs. The World (Original Motion Picture Soundtrack Expanded Edition)","spotify:artist:0LyfQWJT6nXafLPZqxe9Of","Various Artists","2021-07-09","https://i.scdn.co/image/ab67616d0000b273f367e2e131d38ebde98a3f46","1","12","295533","","false","53","CARB70905801","spotify:user:andreivillaro","2024-12-16T22:42:39Z"
"spotify:track:7ruC9WXdS167Goo3tbg7s5","+♂(Plus Danshi)","spotify:artist:4var0mkMWIRGKLc9mJ3Pt7","Matsushita","spotify:album:3BbmrOIlOyZPYIzRR7Dh6V","Matsushita Ga Nijigen Ni Koisuru 15 No Riyuu (Standard Edition)","spotify:artist:4var0mkMWIRGKLc9mJ3Pt7","Matsushita","2015-03-11","https://i.scdn.co/image/ab67616d0000b27335d00071d0860939584bc08a","1","2","216500","https://p.scdn.co/mp3-preview/3f1086588b604789f391e179641cfe78da6e0db8?cid=9950ac751e34487dbbe027c4fd7f8e99","false","47","JPC231500130","spotify:user:andreivillaro","2024-12-18T03:38:29Z"
"spotify:track:4n7nwDqrdx3qmJvEACOMrN","Take Me to the Beach (feat. Ado)","spotify:artist:53XhwfbYqKCa1cC15pYq2q, spotify:artist:6mEQK9m2krja6X1cfsAjfl","Imagine Dragons, Ado","spotify:album:42qtC6akiL6crX1i4Sf4yJ","Take Me to the Beach (feat. Ado)","spotify:artist:53XhwfbYqKCa1cC15pYq2q, spotify:artist:6mEQK9m2krja6X1cfsAjfl","Imagine Dragons, Ado","2024-12-16","https://i.scdn.co/image/ab67616d0000b2735a11303b900d06348d84337f","1","1","167066","","false","78","USUM72413303","spotify:user:andreivillaro","2024-12-18T22:16:53Z"
"spotify:track:6D7VlXRBYVUhSnbOJLNjvH","LIFE","spotify:artist:7qFU02MvlE8O38L6ykvG3e","Neuro-sama","spotify:album:3faMtxH1nCwyzyh4J2MrRj","LIFE","spotify:artist:7qFU02MvlE8O38L6ykvG3e","Neuro-sama","2024-12-20","https://i.scdn.co/image/ab67616d0000b273f64e3fb0b9ba72894a6c8f82","1","1","213488","https://p.scdn.co/mp3-preview/bf8277d809faac5e38c8a86171e02c3043e3f0ce?cid=9950ac751e34487dbbe027c4fd7f8e99","false","54","QT3EX2407411","spotify:user:andreivillaro","2024-12-21T07:28:55Z"
"spotify:track:4gxEY3Mh5FZZDAJAKPNrCS","CRAZY","spotify:artist:4SpbR6yFEvexJuaBpgAU5p","LE SSERAFIM","spotify:album:6kAsgfuulBOuyYLytWX7e2","CRAZY (Party Remixes 1)","spotify:artist:4SpbR6yFEvexJuaBpgAU5p","LE SSERAFIM","2024-09-02","https://i.scdn.co/image/ab67616d0000b273d49db78bd7ea1f7229865baa","1","1","164554","https://p.scdn.co/mp3-preview/c87839ff1ddad65a7ebb758bae38fee971dceab2?cid=9950ac751e34487dbbe027c4fd7f8e99","false","81","USA2P2449061","spotify:user:andreivillaro","2024-12-23T23:52:58Z"
"spotify:track:1q913z4slTrSsj6NpPtorT","FLAWLESS!","spotify:artist:79NIVAOefeJgwo0QIIZ9t2","ZØMB","spotify:album:2DMNoKoMz4Nwo8WR8JSVHz","FLAWLESS!","spotify:artist:79NIVAOefeJgwo0QIIZ9t2","ZØMB","2024-12-16","https://i.scdn.co/image/ab67616d0000b2732e3b64875a94a0ec033b6565","1","1","106674","https://p.scdn.co/mp3-preview/9f9a4d5338f88c162548029baf6a996e53dc10ac?cid=9950ac751e34487dbbe027c4fd7f8e99","false","51","QZVEM1883832","spotify:user:andreivillaro","2024-12-24T07:40:13Z"
"spotify:track:5nVTBEOHIzYzSwtZ9q0cCH","FRAGILE PARADISE","spotify:artist:79NIVAOefeJgwo0QIIZ9t2","ZØMB","spotify:album:6kBiTGMKCiyH7l6vBmLdua","FRAGILE PARADISE","spotify:artist:79NIVAOefeJgwo0QIIZ9t2","ZØMB","2024-03-01","https://i.scdn.co/image/ab67616d0000b273e1b162265ea203f3f6a754db","1","1","96101","https://p.scdn.co/mp3-preview/18173f3eea6ab6508b52f68257cdda46d850a649?cid=9950ac751e34487dbbe027c4fd7f8e99","false","31","QZTAT2331489","spotify:user:andreivillaro","2024-12-25T22:57:41Z"
"spotify:track:5n1SwV46dModyCW0Pggl3x","ARCADE HEX","spotify:artist:79NIVAOefeJgwo0QIIZ9t2","ZØMB","spotify:album:40nvU1rcKEeYXCMVpiJRA5","ARCADE HEX","spotify:artist:79NIVAOefeJgwo0QIIZ9t2","ZØMB","2023-12-08","https://i.scdn.co/image/ab67616d0000b27350c560b603dcc2d5e4824d7a","1","1","89471","https://p.scdn.co/mp3-preview/a42ffc76ae2434457cf98e8d518cbfcd48a8854d?cid=9950ac751e34487dbbe027c4fd7f8e99","false","31","QZWFJ2320173","spotify:user:andreivillaro","2024-12-25T23:06:29Z"
"spotify:track:6QLZCCUzDp0zr6YjRSM98F","SUGAR OVERDOSE","spotify:artist:79NIVAOefeJgwo0QIIZ9t2","ZØMB","spotify:album:2vSf6LXi3X8Vu33malmPNp","SUGAR OVERDOSE","spotify:artist:79NIVAOefeJgwo0QIIZ9t2","ZØMB","2023-10-20","https://i.scdn.co/image/ab67616d0000b273022a68ace3c12752ee35c804","1","1","104598","https://p.scdn.co/mp3-preview/c575b57d4ca30a3e36d0e7e02dfddccd26cd65c3?cid=9950ac751e34487dbbe027c4fd7f8e99","false","33","QZTB92307034","spotify:user:andreivillaro","2024-12-25T23:09:43Z"
"spotify:track:2FAZskT9yRjp2Oow9szJD8","The Days - NOTION Remix","spotify:artist:5bQ3wFgekuIMIcWJuxkqLK, spotify:artist:1uRVM0wBdtyEuU582EeKJM","Chrystal, NOTION","spotify:album:15gT6ikjvzrlIxQ5eTpqLJ","The Days (NOTION Remix)","spotify:artist:5bQ3wFgekuIMIcWJuxkqLK, spotify:artist:1uRVM0wBdtyEuU582EeKJM","Chrystal, NOTION","2024-11-08","https://i.scdn.co/image/ab67616d0000b2739041b9965925059507fb44af","1","1","233229","","false","92","GBUM72406694","spotify:user:andreivillaro","2024-12-30T21:10:59Z"
"spotify:track:7ovUcF5uHTBRzUpB6ZOmvt","アイドル","spotify:artist:64tJ2EAv1R6UaZqc4iOCyj","YOASOBI","spotify:album:7yMkS4NCpG0FH6NoaH3F0a","アイドル","spotify:artist:64tJ2EAv1R6UaZqc4iOCyj","YOASOBI","2023-04-12","https://i.scdn.co/image/ab67616d0000b273b7d6ca50bf766ad72226290c","1","1","213233","https://p.scdn.co/mp3-preview/3cf6efcc13a380485fa20fda1602b8ad4e3f0b0c?cid=9950ac751e34487dbbe027c4fd7f8e99","false","76","JPP302300157","spotify:user:andreivillaro","2025-01-02T07:33:00Z"
"spotify:track:3lLH0FlC2pYCeZEf05zKQn","CRAZY (feat. PinkPantheress)","spotify:artist:4SpbR6yFEvexJuaBpgAU5p, spotify:artist:78rUTD7y6Cy67W1RVzYs7t","LE SSERAFIM, PinkPantheress","spotify:album:6bZk9oecizspP2MeHIhKYL","CRAZY (feat. PinkPantheress)","spotify:artist:4SpbR6yFEvexJuaBpgAU5p, spotify:artist:78rUTD7y6Cy67W1RVzYs7t","LE SSERAFIM, PinkPantheress","2024-09-04","https://i.scdn.co/image/ab67616d0000b2734ec5f1c1206663498a55e67a","1","2","168000","https://p.scdn.co/mp3-preview/f09ab40e24039fba0260a66adc2b81f957511118?cid=9950ac751e34487dbbe027c4fd7f8e99","false","64","USA2P2457430","spotify:user:andreivillaro","2025-01-02T10:17:07Z"
"spotify:track:69MMbwpvp5I9QTIzJeinpe","CRAZY (English ver.)","spotify:artist:4SpbR6yFEvexJuaBpgAU5p","LE SSERAFIM","spotify:album:6kAsgfuulBOuyYLytWX7e2","CRAZY (Party Remixes 1)","spotify:artist:4SpbR6yFEvexJuaBpgAU5p","LE SSERAFIM","2024-09-02","https://i.scdn.co/image/ab67616d0000b273d49db78bd7ea1f7229865baa","1","2","164554","https://p.scdn.co/mp3-preview/b54fbe95f59fddc4d14c05b1b4e4f58c11f39a45?cid=9950ac751e34487dbbe027c4fd7f8e99","false","65","USA2P2457421","spotify:user:andreivillaro","2025-01-02T10:18:38Z"
"spotify:track:3qik29BKjJFcucGkhGbhHj","RuLe","spotify:artist:6mEQK9m2krja6X1cfsAjfl","Ado","spotify:album:3YQA0MVV7U5puzsxGSOhlU","Zanmu","spotify:artist:6mEQK9m2krja6X1cfsAjfl","Ado","2024-07-09","https://i.scdn.co/image/ab67616d0000b2737ac841876cee380bbeb3fdc1","1","12","197853","","false","66","JPPO02402980","spotify:user:andreivillaro","2025-01-03T02:55:53Z"
"spotify:track:0F6LLCphvGvXzSMcgaTpJn","Level Up!","spotify:artist:5adBImt78fYbBC3rlVxmuc","N!GHT","spotify:album:6wVyinVmoU3ksWP6jpPlwC","Level Up!","spotify:artist:5adBImt78fYbBC3rlVxmuc","N!GHT","2025-01-03","https://i.scdn.co/image/ab67616d0000b2736b9f04a4450a527dc6083904","1","1","129375","https://p.scdn.co/mp3-preview/db43ccc0f197bbb4fe7cea0ae35db80f3cb06660?cid=9950ac751e34487dbbe027c4fd7f8e99","false","42","UKEX32462619","spotify:user:andreivillaro","2025-01-03T08:09:58Z"
"spotify:track:0Ldi9pJ7Gs3WqUd80AtUGw","Love for You","spotify:artist:7mcE0EmrnPmyAGU3UBJrFg, spotify:artist:3oSZKapuKjNzTOejmMFXn3","LOVELI LORI, ovg!","spotify:album:7L0XTD2F4cEXMyqGZVvhrZ","Love for You","spotify:artist:7mcE0EmrnPmyAGU3UBJrFg, spotify:artist:3oSZKapuKjNzTOejmMFXn3","LOVELI LORI, ovg!","2023-05-22","https://i.scdn.co/image/ab67616d0000b273e4ecfc553a19fd33b32487c8","1","1","170233","https://p.scdn.co/mp3-preview/eab0a70973ce75db8a0d183837020dbf824bea14?cid=9950ac751e34487dbbe027c4fd7f8e99","false","18","USWB12402085","spotify:user:andreivillaro","2025-01-09T02:02:04Z"
"spotify:track:7GX5flRQZVHRAGd6B4TmDO","XO Tour Llif3","spotify:artist:4O15NlyKLIASxsJ0PrXPfz","Lil Uzi Vert","spotify:album:733e1ZfktLSwj96X5rsMeE","Luv Is Rage 2","spotify:artist:4O15NlyKLIASxsJ0PrXPfz","Lil Uzi Vert","2017-08-25","https://i.scdn.co/image/ab67616d0000b273f23aee9d3be9fcbca1bc6352","1","16","182706","https://p.scdn.co/mp3-preview/115d957b81400862451425d9591dfa938da476da?cid=9950ac751e34487dbbe027c4fd7f8e99","true","84","USAT21703440","spotify:user:andreivillaro","2025-01-11T05:41:31Z"
"spotify:track:3GCL1PydwsLodcpv0Ll1ch","You Belong With Me","spotify:artist:06HL4z0CvFAxyc27GXpf02","Taylor Swift","spotify:album:2dqn5yOQWdyGwOpOIi9O4x","Fearless","spotify:artist:06HL4z0CvFAxyc27GXpf02","Taylor Swift","2008-11-11","https://i.scdn.co/image/ab67616d0000b2737b25c072237f29ee50025fdc","1","6","231133","","false","70","USCJY0803328","spotify:user:andreivillaro","2025-01-11T08:55:00Z"
"spotify:track:6bVs0b81P52vtHhxb1J3fI","CXLD HEART","spotify:artist:4KRllJ2dEeoqvxOQLOgOsI, spotify:artist:3UZVRPW86Nc2DemMsNtESB, spotify:artist:79eu73GhyfHgYTGt6lTn34","VØJ, Maikubi, AlienBlaze","spotify:album:1iPfnVnBGYb0q7eMNxgDs5","CXLD HEART","spotify:artist:4KRllJ2dEeoqvxOQLOgOsI, spotify:artist:3UZVRPW86Nc2DemMsNtESB, spotify:artist:79eu73GhyfHgYTGt6lTn34","VØJ, Maikubi, AlienBlaze","2024-12-20","https://i.scdn.co/image/ab67616d0000b273d0560f9a0ba599594fd43152","1","1","129041","https://p.scdn.co/mp3-preview/2f726691a3c2f14edb3395459e8d14a3c566a628?cid=9950ac751e34487dbbe027c4fd7f8e99","false","40","USUS12400834","spotify:user:andreivillaro","2025-01-11T22:00:28Z"
"spotify:track:5aX9ocVkS6HqK5orEbsOoe","Last Valentines","spotify:artist:78rUTD7y6Cy67W1RVzYs7t","PinkPantheress","spotify:album:65YAjLCn7Jp33nJpOxIPMe","to hell with it","spotify:artist:78rUTD7y6Cy67W1RVzYs7t","PinkPantheress","2021-10-15","https://i.scdn.co/image/ab67616d0000b27312c2eefb1d28509c632d915d","1","3","73053","https://p.scdn.co/mp3-preview/8ece394818ca6f073001ab2dd55b4d5cdc606cc9?cid=9950ac751e34487dbbe027c4fd7f8e99","false","61","GBAYE2101301","spotify:user:andreivillaro","2025-01-14T14:22:03Z"
"spotify:track:0QezBrYzFFT0f68zK6EvZI","Passion","spotify:artist:78rUTD7y6Cy67W1RVzYs7t","PinkPantheress","spotify:album:65YAjLCn7Jp33nJpOxIPMe","to hell with it","spotify:artist:78rUTD7y6Cy67W1RVzYs7t","PinkPantheress","2021-10-15","https://i.scdn.co/image/ab67616d0000b27312c2eefb1d28509c632d915d","1","4","138268","https://p.scdn.co/mp3-preview/ab38b70f14746c2bb193f2c41a4cfe664d1179ed?cid=9950ac751e34487dbbe027c4fd7f8e99","false","68","GBAYE2100808","spotify:user:andreivillaro","2025-01-14T14:22:07Z"
"spotify:track:1Vrj9Vcbb0lOG94pQbYvzv","Just for Me","spotify:artist:78rUTD7y6Cy67W1RVzYs7t","PinkPantheress","spotify:album:65YAjLCn7Jp33nJpOxIPMe","to hell with it","spotify:artist:78rUTD7y6Cy67W1RVzYs7t","PinkPantheress","2021-10-15","https://i.scdn.co/image/ab67616d0000b27312c2eefb1d28509c632d915d","1","5","116213","https://p.scdn.co/mp3-preview/c980775a61c0449c7bfdd6498dfc3e4ac264075b?cid=9950ac751e34487dbbe027c4fd7f8e99","false","69","GBAYE2101058","spotify:user:andreivillaro","2025-01-14T14:22:10Z"
"spotify:track:5w9YU63asHqNFyWq3nCsSl","Noticed I Cried","spotify:artist:78rUTD7y6Cy67W1RVzYs7t","PinkPantheress","spotify:album:65YAjLCn7Jp33nJpOxIPMe","to hell with it","spotify:artist:78rUTD7y6Cy67W1RVzYs7t","PinkPantheress","2021-10-15","https://i.scdn.co/image/ab67616d0000b27312c2eefb1d28509c632d915d","1","6","82226","https://p.scdn.co/mp3-preview/31c262fb466b0012b5351b6e542a929776c537dc?cid=9950ac751e34487dbbe027c4fd7f8e99","false","59","GBAYE2101302","spotify:user:andreivillaro","2025-01-14T14:22:15Z"
"spotify:track:0REGWAoURfSLQe5hQhlsKK","Reason","spotify:artist:78rUTD7y6Cy67W1RVzYs7t","PinkPantheress","spotify:album:65YAjLCn7Jp33nJpOxIPMe","to hell with it","spotify:artist:78rUTD7y6Cy67W1RVzYs7t","PinkPantheress","2021-10-15","https://i.scdn.co/image/ab67616d0000b27312c2eefb1d28509c632d915d","1","7","131906","https://p.scdn.co/mp3-preview/cbd6eb5eb7e38e8d9ed6216506d7ef22f37ff659?cid=9950ac751e34487dbbe027c4fd7f8e99","false","59","GBAYE2101303","spotify:user:andreivillaro","2025-01-14T14:22:21Z"
"spotify:track:3ZpqeV6u8cheGopIXQlHfH","All My Friends Know","spotify:artist:78rUTD7y6Cy67W1RVzYs7t","PinkPantheress","spotify:album:65YAjLCn7Jp33nJpOxIPMe","to hell with it","spotify:artist:78rUTD7y6Cy67W1RVzYs7t","PinkPantheress","2021-10-15","https://i.scdn.co/image/ab67616d0000b27312c2eefb1d28509c632d915d","1","8","118813","https://p.scdn.co/mp3-preview/090710041607186ba6d0d8575d954a7b495a5b4f?cid=9950ac751e34487dbbe027c4fd7f8e99","false","64","GBAYE2101304","spotify:user:andreivillaro","2025-01-14T14:22:26Z"
"spotify:track:5XmI1062gtk39XjFMRye0K","Nineteen","spotify:artist:78rUTD7y6Cy67W1RVzYs7t","PinkPantheress","spotify:album:65YAjLCn7Jp33nJpOxIPMe","to hell with it","spotify:artist:78rUTD7y6Cy67W1RVzYs7t","PinkPantheress","2021-10-15","https://i.scdn.co/image/ab67616d0000b27312c2eefb1d28509c632d915d","1","9","153306","https://p.scdn.co/mp3-preview/66029fcee1f305d02f458930c972605d4d4b18e9?cid=9950ac751e34487dbbe027c4fd7f8e99","false","58","GBAYE2101305","spotify:user:andreivillaro","2025-01-14T14:22:32Z"
"spotify:track:4S4QJfBGGrC8jRIjJHf1Ka","Pain","spotify:artist:78rUTD7y6Cy67W1RVzYs7t","PinkPantheress","spotify:album:65YAjLCn7Jp33nJpOxIPMe","to hell with it","spotify:artist:78rUTD7y6Cy67W1RVzYs7t","PinkPantheress","2021-10-15","https://i.scdn.co/image/ab67616d0000b27312c2eefb1d28509c632d915d","1","1","98544","https://p.scdn.co/mp3-preview/b5c7a7b534fd44e136790dbbedf87f3d7e37887c?cid=9950ac751e34487dbbe027c4fd7f8e99","false","86","QZFZ52145391","spotify:user:andreivillaro","2025-01-14T14:22:35Z"
"spotify:track:3ozo6hdOQAJKY1KZExV6UJ","True romance","spotify:artist:78rUTD7y6Cy67W1RVzYs7t","PinkPantheress","spotify:album:2pOEFqvfxp5uUQ8vQEmVA0","Heaven knows","spotify:artist:78rUTD7y6Cy67W1RVzYs7t","PinkPantheress","2023-11-10","https://i.scdn.co/image/ab67616d0000b27312e36c27d935e955b44c6581","1","2","136573","https://p.scdn.co/mp3-preview/3db2bbf8e4a6b24d20f0d399d7fbdaec2400691e?cid=9950ac751e34487dbbe027c4fd7f8e99","false","63","GBAYE2301719","spotify:user:andreivillaro","2025-01-14T14:23:56Z"
"spotify:track:3DrkYwyu8QqZQ05r2gGqHi","Mosquito","spotify:artist:78rUTD7y6Cy67W1RVzYs7t","PinkPantheress","spotify:album:2pOEFqvfxp5uUQ8vQEmVA0","Heaven knows","spotify:artist:78rUTD7y6Cy67W1RVzYs7t","PinkPantheress","2023-11-10","https://i.scdn.co/image/ab67616d0000b27312e36c27d935e955b44c6581","1","3","146240","https://p.scdn.co/mp3-preview/47dcef0225c1be03dd96898a206957a6064ef295?cid=9950ac751e34487dbbe027c4fd7f8e99","false","68","GBAYE2301418","spotify:user:andreivillaro","2025-01-14T14:24:16Z"
"spotify:track:6SjxVgMjH3b3AI4wVviZfi","The aisle","spotify:artist:78rUTD7y6Cy67W1RVzYs7t","PinkPantheress","spotify:album:2pOEFqvfxp5uUQ8vQEmVA0","Heaven knows","spotify:artist:78rUTD7y6Cy67W1RVzYs7t","PinkPantheress","2023-11-10","https://i.scdn.co/image/ab67616d0000b27312e36c27d935e955b44c6581","1","4","165773","https://p.scdn.co/mp3-preview/571fe80c4c296e75ab53850b64df26da3ae51380?cid=9950ac751e34487dbbe027c4fd7f8e99","false","67","GBAYE2301720","spotify:user:andreivillaro","2025-01-14T14:24:42Z"
"spotify:track:5rs8M4TwPZEOMXxw3XAo0n","Internet baby (interlude)","spotify:artist:78rUTD7y6Cy67W1RVzYs7t","PinkPantheress","spotify:album:2pOEFqvfxp5uUQ8vQEmVA0","Heaven knows","spotify:artist:78rUTD7y6Cy67W1RVzYs7t","PinkPantheress","2023-11-10","https://i.scdn.co/image/ab67616d0000b27312e36c27d935e955b44c6581","1","7","131773","https://p.scdn.co/mp3-preview/d9c8980d9e15e589e7508ef80a10e47f69f75dee?cid=9950ac751e34487dbbe027c4fd7f8e99","false","57","GBAYE2301723","spotify:user:andreivillaro","2025-01-14T14:26:01Z"
"spotify:track:5hjhaH0vwtpftiLtF3veZp","Ophelia","spotify:artist:78rUTD7y6Cy67W1RVzYs7t","PinkPantheress","spotify:album:2pOEFqvfxp5uUQ8vQEmVA0","Heaven knows","spotify:artist:78rUTD7y6Cy67W1RVzYs7t","PinkPantheress","2023-11-10","https://i.scdn.co/image/ab67616d0000b27312e36c27d935e955b44c6581","1","8","155093","https://p.scdn.co/mp3-preview/61d14942f19598a2ff0afdd06f952250a3aa200a?cid=9950ac751e34487dbbe027c4fd7f8e99","false","57","GBAYE2301724","spotify:user:andreivillaro","2025-01-14T14:26:20Z"
"spotify:track:0LsfA3w3zQh2fcN4XeHmSK","Blue","spotify:artist:78rUTD7y6Cy67W1RVzYs7t","PinkPantheress","spotify:album:2pOEFqvfxp5uUQ8vQEmVA0","Heaven knows","spotify:artist:78rUTD7y6Cy67W1RVzYs7t","PinkPantheress","2023-11-10","https://i.scdn.co/image/ab67616d0000b27312e36c27d935e955b44c6581","1","10","181280","https://p.scdn.co/mp3-preview/7e024cda8909aba445276ac828969b528bf29691?cid=9950ac751e34487dbbe027c4fd7f8e99","false","63","GBAYE2301726","spotify:user:andreivillaro","2025-01-14T14:27:12Z"
"spotify:track:6MNSwUUjWSDUhuCZaTezAn","Feelings","spotify:artist:78rUTD7y6Cy67W1RVzYs7t","PinkPantheress","spotify:album:2pOEFqvfxp5uUQ8vQEmVA0","Heaven knows","spotify:artist:78rUTD7y6Cy67W1RVzYs7t","PinkPantheress","2023-11-10","https://i.scdn.co/image/ab67616d0000b27312e36c27d935e955b44c6581","1","11","160426","https://p.scdn.co/mp3-preview/d8b521903827513e3908a2f553dd0a3e5977d932?cid=9950ac751e34487dbbe027c4fd7f8e99","false","56","GBAYE2301727","spotify:user:andreivillaro","2025-01-14T14:27:22Z"
"spotify:track:52qxHBgcQGVV2JrMwPhYJl","Capable of love","spotify:artist:78rUTD7y6Cy67W1RVzYs7t","PinkPantheress","spotify:album:2pOEFqvfxp5uUQ8vQEmVA0","Heaven knows","spotify:artist:78rUTD7y6Cy67W1RVzYs7t","PinkPantheress","2023-11-10","https://i.scdn.co/image/ab67616d0000b27312e36c27d935e955b44c6581","1","12","223680","https://p.scdn.co/mp3-preview/2125a9aafa419b0549bac252079676ad16ddb8f3?cid=9950ac751e34487dbbe027c4fd7f8e99","false","61","GBAYE2301427","spotify:user:andreivillaro","2025-01-14T14:27:50Z"
"spotify:track:5CCr8msaN3MhgqBoa9yWhH","Boy's a liar Pt. 2","spotify:artist:78rUTD7y6Cy67W1RVzYs7t, spotify:artist:3LZZPxNDGDFVSIPqf4JuEf","PinkPantheress, Ice Spice","spotify:album:2pOEFqvfxp5uUQ8vQEmVA0","Heaven knows","spotify:artist:78rUTD7y6Cy67W1RVzYs7t","PinkPantheress","2023-11-10","https://i.scdn.co/image/ab67616d0000b27312e36c27d935e955b44c6581","1","13","131013","https://p.scdn.co/mp3-preview/543d8d09a5530a1ab94dd0c6f83fc4ee3e0d7f96?cid=9950ac751e34487dbbe027c4fd7f8e99","true","77","GBAYE2300015","spotify:user:andreivillaro","2025-01-14T14:28:20Z"
"spotify:track:4fPjI40ElIwJQ4DJJxSCOe","Attracted to You","spotify:artist:78rUTD7y6Cy67W1RVzYs7t","PinkPantheress","spotify:album:3tY6ZOPhcl9B5HVVhs7GkC","Attracted To You","spotify:artist:78rUTD7y6Cy67W1RVzYs7t","PinkPantheress","2021-07-09","https://i.scdn.co/image/ab67616d0000b2734b92001006e5ad1946e86a84","1","1","67638","https://p.scdn.co/mp3-preview/563aa99aad7d8839b701dee7acebfbb9dd5fee05?cid=9950ac751e34487dbbe027c4fd7f8e99","false","76","QZFZ52144176","spotify:user:andreivillaro","2025-01-14T14:29:06Z"
"spotify:track:3QUbaXCfksmF19lW32BQE0","Boy's a Liar","spotify:artist:78rUTD7y6Cy67W1RVzYs7t","PinkPantheress","spotify:album:6cVfHBcp3AdpYY0bBglkLN","Boy's a liar Pt. 2","spotify:artist:78rUTD7y6Cy67W1RVzYs7t, spotify:artist:3LZZPxNDGDFVSIPqf4JuEf","PinkPantheress, Ice Spice","2023-02-03","https://i.scdn.co/image/ab67616d0000b2739567e1aa41657425d046733b","1","2","131253","https://p.scdn.co/mp3-preview/221777a319603445900b65db0ceaccb2624b0df3?cid=9950ac751e34487dbbe027c4fd7f8e99","false","51","GBAYE2202560","spotify:user:andreivillaro","2025-01-14T14:29:16Z"
"spotify:track:1YhNljrEyPYaYNgBNsWap5","Turn it up","spotify:artist:78rUTD7y6Cy67W1RVzYs7t","PinkPantheress","spotify:album:53oYO35gOzGGGINKHB8cd0","Turn it up","spotify:artist:78rUTD7y6Cy67W1RVzYs7t","PinkPantheress","2024-05-24","https://i.scdn.co/image/ab67616d0000b27389c814c04360a1c8f766c2d9","1","1","147020","https://p.scdn.co/mp3-preview/6a15c0f9173d5ea44557e7f7585b81df018b39e8?cid=9950ac751e34487dbbe027c4fd7f8e99","false","66","GBAYE2400575","spotify:user:andreivillaro","2025-01-16T20:58:42Z"
"spotify:track:2uZH4UWgy2oVrTgIvrWzF9","Hot N Cold - Sped Up","spotify:artist:66dfWaKutOABSkET9uG4bs","Lomz","spotify:album:3deQBXxfXhtnHRmleb7gJM","Hot N Cold (Sped Up)","spotify:artist:66dfWaKutOABSkET9uG4bs","Lomz","2022-08-02","https://i.scdn.co/image/ab67616d0000b2739092dff6103f79841bc1d3cd","1","1","178108","https://p.scdn.co/mp3-preview/bbbcbf5b2f923b02364fb0b66352417ac2c8a66c?cid=9950ac751e34487dbbe027c4fd7f8e99","false","46","ARIXB2304559","spotify:user:andreivillaro","2025-01-17T06:20:18Z"
"spotify:track:3PM4cZMctdMliKHEFLXgLH","Ochame Kinou/Fukkireta (Jerk)","spotify:artist:6htJaSnTyDhTxzwOhgEWss","zandsu","spotify:album:6g2P3DfVxlPyP6mfHl8vbP","Ochame Kinou/Fukkireta (Jerk)","spotify:artist:6htJaSnTyDhTxzwOhgEWss","zandsu","2024-02-03","https://i.scdn.co/image/ab67616d0000b273bf955dafc73ae4a7a8f883b6","1","1","90558","https://p.scdn.co/mp3-preview/6c224156aa86ac4dd13f564285057453f39fb324?cid=9950ac751e34487dbbe027c4fd7f8e99","false","16","QZDA62437641","spotify:user:andreivillaro","2025-01-18T23:04:10Z"
"spotify:track:7ik8ly4ji6rkL5kKZT1WNs","おちゃめ機能","spotify:artist:4hUWwJ0fRLx9rYtUvT26Ii","P丸様｡","spotify:album:0ZiGyLRfqs3cpvOZhKChpT","おちゃめ機能","spotify:artist:4hUWwJ0fRLx9rYtUvT26Ii","P丸様｡","2022-08-31","https://i.scdn.co/image/ab67616d0000b2731401eaef11dbde042ab91f28","1","1","248253","","false","39","JPPO02202928","spotify:user:andreivillaro","2025-01-20T22:16:36Z"
"spotify:track:1dHVuQPNmn5rhRgOdD0WlF","Confessions of a Rotten Girl","spotify:artist:7FrCrchJaoLmKcn3jcGWoX","SAWTOWNE","spotify:album:6eaUMgU5URwsLllOml5Iwn","Confessions of a Rotten Girl","spotify:artist:7FrCrchJaoLmKcn3jcGWoX","SAWTOWNE","2025-01-19","https://i.scdn.co/image/ab67616d0000b27368bf1aacc270752b0fadbd3f","1","1","206117","https://p.scdn.co/mp3-preview/12e82bacbb81643defa218c8445b04478c88bad8?cid=9950ac751e34487dbbe027c4fd7f8e99","false","68","QZFZ62518097","spotify:user:andreivillaro","2025-01-22T01:12:05Z"
"spotify:track:4D4z7G3EAv9EK13cxaqvqp","Confessions of a Rotten Girl - Off Vocal","spotify:artist:7FrCrchJaoLmKcn3jcGWoX","SAWTOWNE","spotify:album:6eaUMgU5URwsLllOml5Iwn","Confessions of a Rotten Girl","spotify:artist:7FrCrchJaoLmKcn3jcGWoX","SAWTOWNE","2025-01-19","https://i.scdn.co/image/ab67616d0000b27368bf1aacc270752b0fadbd3f","1","2","206117","https://p.scdn.co/mp3-preview/c48d02e1ee1c714b5048be59bce83ef07824efa8?cid=9950ac751e34487dbbe027c4fd7f8e99","false","37","QZFZ62518098","spotify:user:andreivillaro","2025-01-22T01:12:08Z"
"spotify:track:2EIuXYmjmbw301hj9zaxmx","Stronger Than You - Chara Version","spotify:artist:2jEQieG2ymgX7XrTSDGzXi","XanduIsBored","spotify:album:3OMpKh2WIUFdfgUfXUvhXu","Stronger Than You Trilogy","spotify:artist:2jEQieG2ymgX7XrTSDGzXi","XanduIsBored","2017-05-03","https://i.scdn.co/image/ab67616d0000b2736a40ef7fae418977f90bf54c","1","1","178248","https://p.scdn.co/mp3-preview/aae15c204e81028013b7467659b4c4f1a7bb28a4?cid=9950ac751e34487dbbe027c4fd7f8e99","false","54","QMPKX1757123","spotify:user:andreivillaro","2025-01-23T00:35:53Z"
"spotify:track:5TC7mEjQzD2Q3Mr2rySOp7","Stronger Than You - Frisk Version","spotify:artist:2jEQieG2ymgX7XrTSDGzXi, spotify:artist:6X6OukpQx7CnKLJ9CgBeM9","XanduIsBored, Mom0ki","spotify:album:3OMpKh2WIUFdfgUfXUvhXu","Stronger Than You Trilogy","spotify:artist:2jEQieG2ymgX7XrTSDGzXi","XanduIsBored","2017-05-03","https://i.scdn.co/image/ab67616d0000b2736a40ef7fae418977f90bf54c","1","3","207311","https://p.scdn.co/mp3-preview/2d3dea3c7bea5fb8b50aa4cfcdc9f24a53b77b2b?cid=9950ac751e34487dbbe027c4fd7f8e99","false","54","QMPKX1757125","spotify:user:andreivillaro","2025-01-23T00:36:04Z"
"spotify:track:0z3YYobsavHguLTgqg5GC1","Picture in My Mind","spotify:artist:78rUTD7y6Cy67W1RVzYs7t, spotify:artist:07UJz804RJxqNvxFXC3h9H","PinkPantheress, Sam Gellaitry","spotify:album:744TnMqUCSGWPa17iii3LU","Picture in my mind","spotify:artist:78rUTD7y6Cy67W1RVzYs7t, spotify:artist:07UJz804RJxqNvxFXC3h9H","PinkPantheress, Sam Gellaitry","2022-08-10","https://i.scdn.co/image/ab67616d0000b273897de13d496e00c2d72f8ee1","1","1","176930","https://p.scdn.co/mp3-preview/4791c2428d8a702e8ac0c755cff22cf22f8a498b?cid=9950ac751e34487dbbe027c4fd7f8e99","false","70","GBAYE2200594","spotify:user:andreivillaro","2025-01-23T14:56:59Z"
"spotify:track:4uUjh3BvflHO4GE9SYfLDZ","Mesmerizer - English Ver.","spotify:artist:0XIRulaFqB2oBL0c6blec9, spotify:artist:304g0c1IvTZjo2V19MSTiG","razaplays, Artsythesecond","spotify:album:4vYL8Ydypi2ENmbHrZdVu6","BREAKING SIGNALS","spotify:artist:0XIRulaFqB2oBL0c6blec9","razaplays","2024-08-18","https://i.scdn.co/image/ab67616d0000b273dfa7aa57a37beb6bf3abcc20","1","1","156983","https://p.scdn.co/mp3-preview/c800f7708271b42d2ff2684996a11b6bc5618623?cid=9950ac751e34487dbbe027c4fd7f8e99","false","31","GX5MX2440237","spotify:user:andreivillaro","2025-01-31T00:22:53Z"
"spotify:track:3WattXYKPa1N4sDqTvSrLS","ABC (feat. Sophia Black)","spotify:artist:4vGrte8FDu062Ntj0RsPiZ, spotify:artist:3wdXgSpjbbU3tX9KasdxMh","Polyphia, Sophia Black","spotify:album:3cN3mENkACWuRCDOuQUtfw","Remember That You Will Die","spotify:artist:4vGrte8FDu062Ntj0RsPiZ","Polyphia","2022-10-28","https://i.scdn.co/image/ab67616d0000b273a2d8391f5021568d253a4eef","1","5","152361","https://p.scdn.co/mp3-preview/6c84a8c8af29e487bb717a470a12a2671e52c558?cid=9950ac751e34487dbbe027c4fd7f8e99","true","62","QMRSZ2200023","spotify:user:andreivillaro","2025-02-03T14:53:54Z"
"spotify:track:6cjSh516BbrNUs213jDAGm","Graduation (with Juice WRLD)","spotify:artist:5CiGnKThu5ctn9pBxv7DGa, spotify:artist:4MCBfE4596Uoi2O4DtmEMz","benny blanco, Juice WRLD","spotify:album:669dgT2kmrAMrrPaEEHWyE","Graduation (with Juice WRLD)","spotify:artist:5CiGnKThu5ctn9pBxv7DGa, spotify:artist:4MCBfE4596Uoi2O4DtmEMz","benny blanco, Juice WRLD","2019-08-30","https://i.scdn.co/image/ab67616d0000b2739e714501730245ec76623000","1","1","177847","","true","66","USUM71916692","spotify:user:andreivillaro","2025-02-10T01:39:51Z"
"spotify:track:6HJdq6gSUeCjf3uDQjO7Ff","UNIMPRESSED!","spotify:artist:79NIVAOefeJgwo0QIIZ9t2","ZØMB","spotify:album:3liUmEk6naxdab37MHNA9D","UNIMPRESSED!","spotify:artist:79NIVAOefeJgwo0QIIZ9t2","ZØMB","2025-02-10","https://i.scdn.co/image/ab67616d0000b27339a388315499c8568f08c4bc","1","1","104424","https://p.scdn.co/mp3-preview/1edd3ffa5ade905b992c92fb20eb51060c6032b1?cid=9950ac751e34487dbbe027c4fd7f8e99","true","44","QZPEW2561643","spotify:user:andreivillaro","2025-02-11T19:41:59Z"
"spotify:track:3bb8SsTSK7YuIUYkG20OSK","Moonlightspeed","spotify:artist:60lgIOOISxGcxyjX4GJeii","Midnight Grand Orchestra","spotify:album:4P0fK06vdodkHhWHdmY7ar","Starpeggio","spotify:artist:60lgIOOISxGcxyjX4GJeii","Midnight Grand Orchestra","2023-12-13","https://i.scdn.co/image/ab67616d0000b273164c6abcca3a8a18e210eee7","1","2","193674","https://p.scdn.co/mp3-preview/f8a072f3e72a948cbbb5a3aa3e09e75292107c2a?cid=9950ac751e34487dbbe027c4fd7f8e99","false","42","JPTF02221201","spotify:user:andreivillaro","2025-02-14T05:36:31Z"
"spotify:track:20OWXyuRI4Dt1S2JCdajEh","Honestly","spotify:artist:0lqcP7gTyHsPEGyUSUV5g3, spotify:artist:4JX0GdKx8EduY2Ck7qac4H","THØRNS, Kasane Teto","spotify:album:1EtThAdOqCsyrVa9d1PeAV","Honestly","spotify:artist:0lqcP7gTyHsPEGyUSUV5g3","THØRNS","2024-12-22","https://i.scdn.co/image/ab67616d0000b27340a96de45049b6714636ef2d","1","1","217572","https://p.scdn.co/mp3-preview/b8e2433674ea804d8500b8f1f35aa7607a216e67?cid=9950ac751e34487dbbe027c4fd7f8e99","false","56","QZZ7X2444175","spotify:user:andreivillaro","2025-02-14T21:18:53Z"
"spotify:track:3vrPN1KekJACn6qZvB801V","視線を奪って! (STEAL THE GAZE!)","spotify:artist:79NIVAOefeJgwo0QIIZ9t2","ZØMB","spotify:album:3ktofpMSjKuAVASMZ4OQES","視線を奪って! (STEAL THE GAZE!)","spotify:artist:79NIVAOefeJgwo0QIIZ9t2","ZØMB","2024-12-27","https://i.scdn.co/image/ab67616d0000b2737443f9833457b25ad83a6316","1","1","100157","https://p.scdn.co/mp3-preview/6b29d89fcd99bdd335c3919cdb060af528285377?cid=9950ac751e34487dbbe027c4fd7f8e99","false","41","QZPEW2512852","spotify:user:andreivillaro","2025-02-18T04:58:32Z"
"spotify:track:5tqZJUHEuqdN12RZVq2l9p","Hold On","spotify:artist:7GN9PivdemQRKjDt4z5Zv8","The Internet","spotify:album:27ThgFMUAx3MXLQ297DzWF","Hive Mind","spotify:artist:7GN9PivdemQRKjDt4z5Zv8","The Internet","2018-07-20","https://i.scdn.co/image/ab67616d0000b27360de86e634f2bd4d1364797e","1","13","406466","https://p.scdn.co/mp3-preview/c01bb7e77b63fcff40c659db3e1257e72a95f0c5?cid=9950ac751e34487dbbe027c4fd7f8e99","false","69","USSM11804490","spotify:user:andreivillaro","2025-02-20T15:16:43Z"
"spotify:track:1JdKrFyoU05abww0Zv0ayQ","That's What You Get","spotify:artist:74XFHRwlV6OrjEM0A2NCMF","Paramore","spotify:album:71rziY9eLo1tA2dBMxrwhc","Riot!","spotify:artist:74XFHRwlV6OrjEM0A2NCMF","Paramore","2007-06-12","https://i.scdn.co/image/ab67616d0000b273bee754528c08d5ff6799a1eb","1","2","220480","https://p.scdn.co/mp3-preview/645937c1de8d7e3f5cc26c87fb2f0a6aff1d9cc1?cid=9950ac751e34487dbbe027c4fd7f8e99","false","73","USAT20702601","spotify:user:andreivillaro","2025-02-27T05:17:16Z"
"spotify:track:2zZETd07vIYodO4lFdoljf","LUNAR ROT","spotify:artist:79NIVAOefeJgwo0QIIZ9t2","ZØMB","spotify:album:7ff9affdXI0KfFuRciwWer","LUNAR ROT","spotify:artist:79NIVAOefeJgwo0QIIZ9t2","ZØMB","2025-02-28","https://i.scdn.co/image/ab67616d0000b273d1f3813d9acfe50dd6606b74","1","1","115785","https://p.scdn.co/mp3-preview/c2db6b1a2daaa201d3136bf2c44781e93362ca6d?cid=9950ac751e34487dbbe027c4fd7f8e99","false","18","QZPEW2593758","spotify:user:andreivillaro","2025-03-01T00:20:14Z"
"spotify:track:7ghKr0pCYyPPyp7t1FH8k4","Les","spotify:artist:73sIBHcqh3Z3NyqHKZ7FOL","Childish Gambino","spotify:album:01MRGgNbfWrE291tQjw9ta","Camp","spotify:artist:73sIBHcqh3Z3NyqHKZ7FOL","Childish Gambino","2011-11-15","https://i.scdn.co/image/ab67616d0000b2736182cfe2e2a090d125c81dc0","1","8","317293","https://p.scdn.co/mp3-preview/4ecc9d1562c2626d17aefe7f927e028ab48bfb0b?cid=9950ac751e34487dbbe027c4fd7f8e99","true","87","USYAH1100353","spotify:user:andreivillaro","2025-03-05T04:03:06Z"
"spotify:track:6BbG6krLjxYmkqFqrxJ99f","JUST ME!","spotify:artist:79NIVAOefeJgwo0QIIZ9t2","ZØMB","spotify:album:5QehyjULJXpxyaYkeUsw94","JUST ME!","spotify:artist:79NIVAOefeJgwo0QIIZ9t2","ZØMB","2025-03-05","https://i.scdn.co/image/ab67616d0000b273a7e3bf1fb81b1793ae4812dd","1","1","113116","https://p.scdn.co/mp3-preview/b3c9e01c1d0fb20dd261e829228e4361e2c6bf9d?cid=9950ac751e34487dbbe027c4fd7f8e99","false","51","QT2VB2507604","spotify:user:andreivillaro","2025-03-05T21:43:42Z"
"spotify:track:6KYOlIwDHbrbeBbJEtQ0Fj","オトノケ - Otonoke","spotify:artist:0pWR7TsFhvSCnbmHDjWgrE","Creepy Nuts","spotify:album:7zI1wDJmkfHMBwZpbwJn8H","オトノケ - Otonoke","spotify:artist:0pWR7TsFhvSCnbmHDjWgrE","Creepy Nuts","2024-10-04","https://i.scdn.co/image/ab67616d0000b2733863c7a4f0284c0a595905f8","1","1","185626","https://p.scdn.co/mp3-preview/137f284b9f8dca9c8b99f49c3d9b9d6c38b9d402?cid=9950ac751e34487dbbe027c4fd7f8e99","false","79","JPU902402594","spotify:user:andreivillaro","2025-03-07T18:55:08Z"
"spotify:track:63Pi2NAx5yCgeLhCTOrEou","Headlock","spotify:artist:6Xb4ezwoAQC4516kI89nWz","Imogen Heap","spotify:album:5DuihGAcuJdwyktx3EmncM","Speak for Yourself (Deluxe Version)","spotify:artist:6Xb4ezwoAQC4516kI89nWz","Imogen Heap","2005","https://i.scdn.co/image/ab67616d0000b2730cabafb8b01b956fae313c57","1","1","215338","https://p.scdn.co/mp3-preview/33f6038e34c60b314e56bd5f115da7d277122bea?cid=9950ac751e34487dbbe027c4fd7f8e99","false","89","GBJPX0500001","spotify:user:andreivillaro","2025-03-12T04:17:30Z"
"spotify:track:74muMkVdMYoR65lhmdzy13","Day 1","spotify:artist:1z4g3DjTBBZKhvAroFlhOM","Red Velvet","spotify:album:6YL9J0E6PGtYzkhyMxnmXd","The Red - The 1st Album","spotify:artist:1z4g3DjTBBZKhvAroFlhOM","Red Velvet","2015-09-09","https://i.scdn.co/image/ab67616d0000b27371a70331062453ece06f8b79","1","9","206357","https://p.scdn.co/mp3-preview/4b9aeddc2d92f456ac0c6b0348e578324b622ae9?cid=9950ac751e34487dbbe027c4fd7f8e99","false","65","KRA301500446","spotify:user:andreivillaro","2025-03-13T19:55:43Z"
"spotify:track:74X2u8JMVooG2QbjRxXwR8","Perfect Night","spotify:artist:4SpbR6yFEvexJuaBpgAU5p","LE SSERAFIM","spotify:album:6Msc3BwzKZ5f5FXmKuUSu6","Perfect Night","spotify:artist:4SpbR6yFEvexJuaBpgAU5p","LE SSERAFIM","2023-10-27","https://i.scdn.co/image/ab67616d0000b2735e352f6eccf8cb96d0b247cc","1","1","159080","https://p.scdn.co/mp3-preview/4e84e2dc9edab896f88263c634e88f39a6db61e1?cid=9950ac751e34487dbbe027c4fd7f8e99","false","80","USA2P2349660","spotify:user:andreivillaro","2025-03-14T04:22:39Z"
"spotify:track:0auI49a6lE4phcRVY8hKiY","What is Love? - Japanese ver.","spotify:artist:7n2Ycct7Beij7Dj7meI4X0","TWICE","spotify:album:5KJJzglyJxgW2i3zLN8za7","What is Love? (Japanese ver.)","spotify:artist:7n2Ycct7Beij7Dj7meI4X0","TWICE","2019-02-08","https://i.scdn.co/image/ab67616d0000b27355ddf87c350de8e163b3e1a2","1","1","208237","https://p.scdn.co/mp3-preview/3eef888f86514f39a3fe03027e913fa03ddaf974?cid=9950ac751e34487dbbe027c4fd7f8e99","false","45","JPWP01871738","spotify:user:andreivillaro","2025-03-21T13:21:19Z"
"spotify:track:543jStmHR1VrSfpxmjUIn6","フィクション","spotify:artist:0ySFZq3Wd0SQUyJUzmJAeb","sumika","spotify:album:3foRklHeA5lXq56ZsEbkfv","Chime","spotify:artist:0ySFZq3Wd0SQUyJUzmJAeb","sumika","2019-03-13","https://i.scdn.co/image/ab67616d0000b2739324a240e4d3fc7ac67b225a","1","3","230760","https://p.scdn.co/mp3-preview/5dd846d50073b2107dafba1c7a60e46e95755584?cid=9950ac751e34487dbbe027c4fd7f8e99","false","63","JPU901900305","spotify:user:andreivillaro","2025-03-24T21:34:31Z"
"spotify:track:0jpP8AlQLVtaMwA3vQYpYB","青春コンプレックス","spotify:artist:2nvl0N9GwyX69RRBMEZ4OD","kessoku band","spotify:album:3yiMrbhmz7rqjTW3AgmG9W","青春コンプレックス","spotify:artist:2nvl0N9GwyX69RRBMEZ4OD","kessoku band","2022-10-09","https://i.scdn.co/image/ab67616d0000b273c21080fb642befe5247ac6bc","1","1","205133","https://p.scdn.co/mp3-preview/c486afe8755680be0374427c9c758bd0a33ce975?cid=9950ac751e34487dbbe027c4fd7f8e99","false","59","JPE302200934","spotify:user:andreivillaro","2025-03-27T08:54:50Z"
"spotify:track:3Un2d5mEp5yLqaITkb1mS8","ヒトリゴト","spotify:artist:5htVtReJ3NAwcAdxdHpim3","ClariS","spotify:album:34cOizYrnROPXji1gfR38k","Fairy Party","spotify:artist:5htVtReJ3NAwcAdxdHpim3","ClariS","2018-11-21","https://i.scdn.co/image/ab67616d0000b273ff6d8d4b5668f9982081dabc","1","3","232906","https://p.scdn.co/mp3-preview/e7ed7b29bb69edd5a1e1568030d72c09f5d8dccf?cid=9950ac751e34487dbbe027c4fd7f8e99","false","54","JPU901700786","spotify:user:andreivillaro","2025-03-29T05:28:31Z"
"spotify:track:5g3nNwsutrByN8u02Pnr4d","Mayday","spotify:artist:2mcj8ajoE1eFlNkAihw5Cg","Tsukuyomi","spotify:album:5J5JoAGR9Ui790ti2gDNiO","Sing The Moon","spotify:artist:2mcj8ajoE1eFlNkAihw5Cg","Tsukuyomi","2022-08-17","https://i.scdn.co/image/ab67616d0000b27338a8ab75a43a366e6357c6e7","1","6","202933","https://p.scdn.co/mp3-preview/5bcf9e8eea91cfe087e19e9f90c0506b20586908?cid=9950ac751e34487dbbe027c4fd7f8e99","false","41","JPVI02200208","spotify:user:andreivillaro","2025-04-01T01:56:27Z"
"spotify:track:2vAqVZym4iluspvzglgBj4","罪と罰 (Reloaded)","spotify:artist:7kZTWx6cRLc0TSRPq1XBMP","DECO*27","spotify:album:7GeMvCVwUgOYqLNaQ7Xnvl","罪と罰 (Reloaded)","spotify:artist:7kZTWx6cRLc0TSRPq1XBMP","DECO*27","2025-01-11","https://i.scdn.co/image/ab67616d0000b273b8a47d25d81b7162c15b570f","1","1","173293","https://p.scdn.co/mp3-preview/d0480d27a36fdda0ef4353154e217b032f946d7a?cid=9950ac751e34487dbbe027c4fd7f8e99","false","43","JP92Q2401590","spotify:user:andreivillaro","2025-04-02T17:56:02Z"
"spotify:track:2s6Jh6GmDhAOsSMII07fVs","Tonight","spotify:artist:78rUTD7y6Cy67W1RVzYs7t","PinkPantheress","spotify:album:0aUGNGmARJe9Ch2MGybD7L","Tonight","spotify:artist:78rUTD7y6Cy67W1RVzYs7t","PinkPantheress","2025-04-04","https://i.scdn.co/image/ab67616d0000b273a51bc41ea26579a0406343c4","1","1","176897","https://p.scdn.co/mp3-preview/7ab2c065796acdd83581aa471cf429bb951a250e?cid=9950ac751e34487dbbe027c4fd7f8e99","false","74","GBAYE2500032","spotify:user:andreivillaro","2025-04-04T12:35:01Z"
"spotify:track:1p4EbJLS0jdWX3tOHdru8S","Tetoris","spotify:artist:4kmKTxjchPXGEcnpiW8iTx","柊マグネタイト","spotify:album:5B4V5KsVnKtfUqMoUfeda0","Tetoris","spotify:artist:4kmKTxjchPXGEcnpiW8iTx","柊マグネタイト","2024-11-27","https://i.scdn.co/image/ab67616d0000b273e20645fb9bba84d7d766d3b0","1","1","142588","https://p.scdn.co/mp3-preview/d6eb6cecc2874bbca65b66885a805d4698aefcf4?cid=9950ac751e34487dbbe027c4fd7f8e99","false","67","JP92E2401537","spotify:user:andreivillaro","2025-04-05T06:54:22Z"
"spotify:track:3Hkv6ag5Yr1Z7nbxMPPj4B","So Am I - Steve Void Dance Remix","spotify:artist:4npEfmQ6YuiwW1GpUmaq3F, spotify:artist:3WSK3JppX3N41XHVwQp7Gt","Ava Max, Steve Void","spotify:album:6KhCN8NyJwcg0FDSAJF4ja","So Am I (The Remixes)","spotify:artist:4npEfmQ6YuiwW1GpUmaq3F","Ava Max","2019-07-01","https://i.scdn.co/image/ab67616d0000b2731fb5ab3988ab836ab058b7cf","1","5","187142","https://p.scdn.co/mp3-preview/95ed27f7b6e90cf523c7cf9e4a1ec4732224cef7?cid=9950ac751e34487dbbe027c4fd7f8e99","false","45","USAT21902782","spotify:user:andreivillaro","2025-04-06T09:50:32Z"
"spotify:track:3orAs5iIrx0rzfWRzaB2K3","Sphere","spotify:artist:7oh6gwRCYhambO8qcKh3T1","Creo","spotify:album:6sXrBc93qzP8mYqqhziF1t","Sphere","spotify:artist:7oh6gwRCYhambO8qcKh3T1","Creo","2017-04-17","https://i.scdn.co/image/ab67616d0000b27348f4dd73d01147877531069e","1","1","240000","https://p.scdn.co/mp3-preview/9c0f839018b8fca73d6aad2328f392a37e55ac96?cid=9950ac751e34487dbbe027c4fd7f8e99","false","49","QMPKX1732071","spotify:user:andreivillaro","2025-04-06T23:45:32Z"
"spotify:track:6gX8ADfHTphQg4h2FiOAlB","Sakura Biyori and Time Machine with Hatsune Miku","spotify:artist:6mEQK9m2krja6X1cfsAjfl, spotify:artist:6pNgnvzBa6Bthsv8SrZJYl","Ado, Hatsune Miku","spotify:album:0CN8S0o5lA55IK8IMwxnVg","Sakura Biyori and Time Machine with Hatsune Miku / Shoka","spotify:artist:6mEQK9m2krja6X1cfsAjfl","Ado","2024-10-23","https://i.scdn.co/image/ab67616d0000b273ed2e5fe9927f70863934c134","1","1","331560","","false","57","JPPO02404540","spotify:user:andreivillaro","2025-04-11T02:59:57Z"
"spotify:track:1eT0GSPUSTwRHRafFokUN9","Shoka","spotify:artist:6mEQK9m2krja6X1cfsAjfl","Ado","spotify:album:4G1L7sZheq5RAFNbqSbp3O","Ado's Best Adobum","spotify:artist:6mEQK9m2krja6X1cfsAjfl","Ado","2025-04-08","https://i.scdn.co/image/ab67616d0000b2737e39bafe4f50dd5e15cfe9b0","2","1","229093","","false","58","JPPO02404541","spotify:user:andreivillaro","2025-04-11T03:02:26Z"
"spotify:track:7y9yjpRtZajYzVpXHRjwGz","No More ?'s","spotify:artist:7B4hKK0S9QYnaoqa9OuwgX","Eazy-E","spotify:album:2glPhGd3WXbnNttSdOOr2e","Eazy-Duz-It","spotify:artist:7B4hKK0S9QYnaoqa9OuwgX","Eazy-E","1988-09-13","https://i.scdn.co/image/ab67616d0000b27374bdcb13ad3968879ad6b8d7","1","10","234360","","true","75","USPO10000858","spotify:user:andreivillaro","2025-04-14T08:39:57Z"
"spotify:track:2O4Bb2WCkjlTPO827OnBMI","EASY","spotify:artist:4SpbR6yFEvexJuaBpgAU5p","LE SSERAFIM","spotify:album:1YCj4PZi08G20y2ekGKY0C","EASY","spotify:artist:4SpbR6yFEvexJuaBpgAU5p","LE SSERAFIM","2024-02-19","https://i.scdn.co/image/ab67616d0000b273110f5426b8c149e80804912a","1","2","164545","https://p.scdn.co/mp3-preview/7e3680a45812af4e7d50e0cb3afc2c97369dcb08?cid=9950ac751e34487dbbe027c4fd7f8e99","false","78","USA2P2402101","spotify:user:andreivillaro","2025-04-15T03:13:35Z"
"spotify:track:406IpEtZPvbxApWTGM3twY","HOT","spotify:artist:4SpbR6yFEvexJuaBpgAU5p","LE SSERAFIM","spotify:album:3lyRrGhXCCMbt4jVO9Wur2","HOT","spotify:artist:4SpbR6yFEvexJuaBpgAU5p","LE SSERAFIM","2025-03-14","https://i.scdn.co/image/ab67616d0000b27386efcf81bf1382daa2d2afe6","1","2","143797","https://p.scdn.co/mp3-preview/3cd338c3622ea114d0e3703ecff32977b9616759?cid=9950ac751e34487dbbe027c4fd7f8e99","false","80","USA2P2506404","spotify:user:andreivillaro","2025-04-15T09:08:37Z"
"spotify:track:6MZ8oSuvqMjnvCvwniPNPc","HOT (English ver.) (feat. JADE)","spotify:artist:4SpbR6yFEvexJuaBpgAU5p, spotify:artist:24b0qNYNgeOfpP5rbljIB3","LE SSERAFIM, JADE","spotify:album:0GjZcJIlYoNHn442Tf0hNT","HOT (English ver.) (feat. JADE)","spotify:artist:4SpbR6yFEvexJuaBpgAU5p, spotify:artist:24b0qNYNgeOfpP5rbljIB3","LE SSERAFIM, JADE","2025-04-14","https://i.scdn.co/image/ab67616d0000b27310f1253af109738ad9ecea86","1","2","143797","https://p.scdn.co/mp3-preview/f358c6a9345f5d96e81b644ad120313adb23839a?cid=9950ac751e34487dbbe027c4fd7f8e99","false","62","USA2P2516966","spotify:user:andreivillaro","2025-04-15T09:09:06Z"
"spotify:track:3y5nzCgwQPoaYWTdoKxWTo","EASY (English ver.)","spotify:artist:4SpbR6yFEvexJuaBpgAU5p","LE SSERAFIM","spotify:album:5jdhMhfZ5gdaQnLsrFgcw4","EASY (English ver.)","spotify:artist:4SpbR6yFEvexJuaBpgAU5p","LE SSERAFIM","2024-02-23","https://i.scdn.co/image/ab67616d0000b273c629ad220477b75a258a8b2d","1","1","164546","https://p.scdn.co/mp3-preview/cb5ae6dd454061dbf7ff86b4429c4e1de03cf56c?cid=9950ac751e34487dbbe027c4fd7f8e99","false","53","USA2P2402104","spotify:user:andreivillaro","2025-04-17T02:41:27Z"
"spotify:track:6DRZmJa38MaMNthwG3fCBD","two","spotify:artist:41X1TR6hrK8Q2ZCpp2EqCz","bbno$","spotify:album:5yc8yPsnUud3i8v9Ran8oQ","two","spotify:artist:41X1TR6hrK8Q2ZCpp2EqCz","bbno$","2024-10-04","https://i.scdn.co/image/ab67616d0000b27351c9a03736674f07f081d940","1","1","135212","https://p.scdn.co/mp3-preview/0c135aa02cfe975a3dcea92dd37d847fbbad5258?cid=9950ac751e34487dbbe027c4fd7f8e99","true","82","QM24S2405396","spotify:user:andreivillaro","2025-04-18T03:07:24Z"
"spotify:track:3MTnwep2TSU4r4pD6OOH48","モドキステップ！","spotify:artist:1z9KPkfdTIPaq33rlWH5n3, spotify:artist:12w8ow0SohGy8imyEIFjfl, spotify:artist:7samVyTa42GWxA0DedqZL2","日曜日のメゾンデ, 礼衣, マサラダ","spotify:album:3ntrG24foYu5IoWoxxz6U0","モドキステップ！","spotify:artist:1z9KPkfdTIPaq33rlWH5n3, spotify:artist:12w8ow0SohGy8imyEIFjfl, spotify:artist:7samVyTa42GWxA0DedqZL2","日曜日のメゾンデ, 礼衣, マサラダ","2025-03-19","https://i.scdn.co/image/ab67616d0000b273aa8f5aa2929651dde0960bad","1","1","192800","https://p.scdn.co/mp3-preview/6c561ae40d8815ea6dfd17386ed1b64074adae2b?cid=9950ac751e34487dbbe027c4fd7f8e99","false","40","JPP302500183","spotify:user:andreivillaro","2025-04-18T17:58:29Z"
"spotify:track:29rwZ9S22zeW0USOXYGNmQ","itazura - sped up","spotify:artist:2pkpqIb8x2VvL9NFeche19","Koven Wei","spotify:album:37vSrjRCGh9W9bKjo6AJI4","itazura (sped up)","spotify:artist:2pkpqIb8x2VvL9NFeche19","Koven Wei","2025-04-11","https://i.scdn.co/image/ab67616d0000b27369bcc223b1c0c94c7d9bc7f4","1","1","125000","https://p.scdn.co/mp3-preview/7de8685a2c435b863701f08f410982efcb6a3b5a?cid=9950ac751e34487dbbe027c4fd7f8e99","false","62","QZK6H2564980","spotify:user:andreivillaro","2025-04-18T18:40:18Z"
"spotify:track:2ZTJnk5JbNynVpaiR7g6AK","EXPENSIVE TASTE!","spotify:artist:79NIVAOefeJgwo0QIIZ9t2","ZØMB","spotify:album:1E4GtUVaSVsJv6GKJiWK3e","EXPENSIVE TASTE!","spotify:artist:79NIVAOefeJgwo0QIIZ9t2","ZØMB","2025-04-18","https://i.scdn.co/image/ab67616d0000b273ffab74de34c5c25cbc00dcfa","1","1","136062","https://p.scdn.co/mp3-preview/55c887f0d52b5fc8b06c9fdb5022eddc0924ef3f?cid=9950ac751e34487dbbe027c4fd7f8e99","false","48","CA5KR2528158","spotify:user:andreivillaro","2025-04-19T01:49:30Z"
"spotify:track:0fK7ie6XwGxQTIkpFoWkd1","like JENNIE","spotify:artist:250b0Wlc5Vk0CoUsaCY84M","JENNIE","spotify:album:1vWMw6pu3err6qqZzI3RhH","Ruby","spotify:artist:250b0Wlc5Vk0CoUsaCY84M","JENNIE","2025-03-07","https://i.scdn.co/image/ab67616d0000b2735a43918ea90bf1e44b7bdcfd","1","2","123517","https://p.scdn.co/mp3-preview/c368b29c5c31b223cd0715d91097a2919e2837a6?cid=9950ac751e34487dbbe027c4fd7f8e99","true","94","USQX92500261","spotify:user:andreivillaro","2025-04-22T12:39:46Z"
"spotify:track:7Fr2Q6q3rAxFUcMkuvVrXO","Stateside","spotify:artist:78rUTD7y6Cy67W1RVzYs7t","PinkPantheress","spotify:album:5YDrgVxfvOkmp1OYjXB29z","Stateside","spotify:artist:78rUTD7y6Cy67W1RVzYs7t","PinkPantheress","2025-04-25","https://i.scdn.co/image/ab67616d0000b2739b58eec8635dc031fd162c90","1","1","168040","https://p.scdn.co/mp3-preview/28bba927b50e9c725bf241378caaf511ebfa4d11?cid=9950ac751e34487dbbe027c4fd7f8e99","false","69","GBAYE2500037","spotify:user:andreivillaro","2025-04-25T21:23:25Z"
"spotify:track:0xhENLydq8IFRecrT1woCJ","ふり","spotify:artist:1z9KPkfdTIPaq33rlWH5n3, spotify:artist:12w8ow0SohGy8imyEIFjfl, spotify:artist:1Wul5UDz6ra1htn4Dtvjt4","日曜日のメゾンデ, 礼衣, 大漠波新","spotify:album:4cSwjueTQAZHxM6RQVx4Y1","ふり","spotify:artist:1z9KPkfdTIPaq33rlWH5n3, spotify:artist:12w8ow0SohGy8imyEIFjfl, spotify:artist:1Wul5UDz6ra1htn4Dtvjt4","日曜日のメゾンデ, 礼衣, 大漠波新","2025-04-04","https://i.scdn.co/image/ab67616d0000b273f4cdcb928ca46fa4d154b530","1","1","183800","https://p.scdn.co/mp3-preview/33f679029e5ef85cc2954deab63f48fd24b70b60?cid=9950ac751e34487dbbe027c4fd7f8e99","false","54","JPP302500299","spotify:user:andreivillaro","2025-04-27T18:39:35Z"
"spotify:track:2MStsrsNz3noevbpramORf","Set Me Free (Feel My Pain)","spotify:artist:25uiPmTg16RbhZWAqwLBy5","Charli xcx","spotify:album:4NUyHY8HwmpjGDdYGpiBtu","True Romance","spotify:artist:25uiPmTg16RbhZWAqwLBy5","Charli xcx","2013-04-12","https://i.scdn.co/image/ab67616d0000b27352be89583b62dfbc2908c87d","1","5","233386","https://p.scdn.co/mp3-preview/d94826a6f3d79ec04ce06a6b7e2cf1a859ec5a72?cid=9950ac751e34487dbbe027c4fd7f8e99","false","43","GBAHS1300094","spotify:user:andreivillaro","2025-04-27T19:53:28Z"
"spotify:track:6K1UQU8GHs36G1Kv012i41","Hero of My Story 3style3","spotify:artist:2xvtxDNInKDV4AvGmjw6d1","Bladee","spotify:album:38grabLpTHYySHEyG0TyUN","333","spotify:artist:2xvtxDNInKDV4AvGmjw6d1","Bladee","2020-07-16","https://i.scdn.co/image/ab67616d0000b273d754d2ef29e3f7dcd73caa3b","1","4","119040","https://p.scdn.co/mp3-preview/4ee688b4dd903c2fd87ce59501b64f0ec1dc39d1?cid=9950ac751e34487dbbe027c4fd7f8e99","false","48","SE5AJ2001067","spotify:user:andreivillaro","2025-04-27T19:54:25Z"
"spotify:track:3zAqapGmeTcDB4xES8LBUL","I Can't Fix You","spotify:artist:0I6yADrmeyvw66g7yjkqIF, spotify:artist:0gnBpQrAfWy73XpB4ZZZYX","The Living Tombstone, Crusher-P","spotify:album:2TQ7CTgaJqTSmikvCcF2fR","I Can't Fix You","spotify:artist:0I6yADrmeyvw66g7yjkqIF","The Living Tombstone","2016-12-10","https://i.scdn.co/image/ab67616d0000b273033bba253c3684acb72f5880","1","1","278742","https://p.scdn.co/mp3-preview/ceb750aff3714d201382ac6894d2653ed0c91d28?cid=9950ac751e34487dbbe027c4fd7f8e99","false","65","QZ4JJ1658471","spotify:user:andreivillaro","2025-05-01T03:36:25Z"
"spotify:track:7aYGCP34Xo6XujY7Ix1DxB","Girl Like Me","spotify:artist:78rUTD7y6Cy67W1RVzYs7t","PinkPantheress","spotify:album:3o81FH5FTYVtoBQOZr3T7y","Fancy That","spotify:artist:78rUTD7y6Cy67W1RVzYs7t","PinkPantheress","2025-05-09","https://i.scdn.co/image/ab67616d0000b273dd4912edb4982f53a381b98e","1","2","145520","https://p.scdn.co/mp3-preview/b8fcfba81e67be9bead6d7597a5686c48abd4231?cid=9950ac751e34487dbbe027c4fd7f8e99","false","75","GBAYE2500031","spotify:user:andreivillaro","2025-05-09T13:26:56Z"
"spotify:track:1WmBVbFmLt0w6zPP37TeCG","Illegal","spotify:artist:78rUTD7y6Cy67W1RVzYs7t","PinkPantheress","spotify:album:3o81FH5FTYVtoBQOZr3T7y","Fancy That","spotify:artist:78rUTD7y6Cy67W1RVzYs7t","PinkPantheress","2025-05-09","https://i.scdn.co/image/ab67616d0000b273dd4912edb4982f53a381b98e","1","1","149666","https://p.scdn.co/mp3-preview/e5260bddce5feb4a4bb80157625470da76fb58a1?cid=9950ac751e34487dbbe027c4fd7f8e99","false","87","GBAYE2500026","spotify:user:andreivillaro","2025-05-09T22:24:18Z"
"spotify:track:35dhwUoJNlxrPyEIJkfDnx","I GOT YOU","spotify:artist:7n2Ycct7Beij7Dj7meI4X0","TWICE","spotify:album:6RZHj6L3NqrvcKeiBHQbjL","I GOT YOU","spotify:artist:7n2Ycct7Beij7Dj7meI4X0","TWICE","2024-02-02","https://i.scdn.co/image/ab67616d0000b273d6a4458287c74322874a3d70","1","1","173240","https://p.scdn.co/mp3-preview/c2d16340f54ca825850adae6ba0f0323428526f3?cid=9950ac751e34487dbbe027c4fd7f8e99","false","60","US5TA2300237","spotify:user:andreivillaro","2025-05-10T17:02:43Z"
"spotify:track:0ZzHRRPxUmNVr4vWNnlDAe","Stars","spotify:artist:78rUTD7y6Cy67W1RVzYs7t","PinkPantheress","spotify:album:3o81FH5FTYVtoBQOZr3T7y","Fancy That","spotify:artist:78rUTD7y6Cy67W1RVzYs7t","PinkPantheress","2025-05-09","https://i.scdn.co/image/ab67616d0000b273dd4912edb4982f53a381b98e","1","4","141866","https://p.scdn.co/mp3-preview/5d1287789bdff5cdf72644c573f4d20208017b45?cid=9950ac751e34487dbbe027c4fd7f8e99","false","75","GBAYE2500033","spotify:user:andreivillaro","2025-05-10T17:21:35Z"
"spotify:track:6nlIvHKnWYZ1cEZBEANp5V","Intermission","spotify:artist:78rUTD7y6Cy67W1RVzYs7t","PinkPantheress","spotify:album:3o81FH5FTYVtoBQOZr3T7y","Fancy That","spotify:artist:78rUTD7y6Cy67W1RVzYs7t","PinkPantheress","2025-05-09","https://i.scdn.co/image/ab67616d0000b273dd4912edb4982f53a381b98e","1","5","24360","https://p.scdn.co/mp3-preview/2cec2a8ab13a8869af4e8147b63a25e68ee66cc6?cid=9950ac751e34487dbbe027c4fd7f8e99","false","26","GBAYE2500034","spotify:user:andreivillaro","2025-05-10T17:21:39Z"
"spotify:track:3dTyQ8CON5t5jreYf2GRhA","Noises","spotify:artist:78rUTD7y6Cy67W1RVzYs7t","PinkPantheress","spotify:album:3o81FH5FTYVtoBQOZr3T7y","Fancy That","spotify:artist:78rUTD7y6Cy67W1RVzYs7t","PinkPantheress","2025-05-09","https://i.scdn.co/image/ab67616d0000b273dd4912edb4982f53a381b98e","1","6","104813","https://p.scdn.co/mp3-preview/58bfcbe5c345c2d5c20a35fd25c9a57093059d2f?cid=9950ac751e34487dbbe027c4fd7f8e99","true","71","GBAYE2500035","spotify:user:andreivillaro","2025-05-10T17:21:44Z"
"spotify:track:39BYU2nLFR8Q1RcPdVvUMn","Nice to Know You","spotify:artist:78rUTD7y6Cy67W1RVzYs7t","PinkPantheress","spotify:album:3o81FH5FTYVtoBQOZr3T7y","Fancy That","spotify:artist:78rUTD7y6Cy67W1RVzYs7t","PinkPantheress","2025-05-09","https://i.scdn.co/image/ab67616d0000b273dd4912edb4982f53a381b98e","1","7","170466","https://p.scdn.co/mp3-preview/85d651f16e1882fe17e6b7afae955257f812b935?cid=9950ac751e34487dbbe027c4fd7f8e99","false","71","GBAYE2500036","spotify:user:andreivillaro","2025-05-10T17:21:50Z"
"spotify:track:6POxiQbr5dFg2gU68yh4NK","Romeo","spotify:artist:78rUTD7y6Cy67W1RVzYs7t","PinkPantheress","spotify:album:3o81FH5FTYVtoBQOZr3T7y","Fancy That","spotify:artist:78rUTD7y6Cy67W1RVzYs7t","PinkPantheress","2025-05-09","https://i.scdn.co/image/ab67616d0000b273dd4912edb4982f53a381b98e","1","9","154213","https://p.scdn.co/mp3-preview/076b5c1b98596b021d91aebc8a27671438e0f26d?cid=9950ac751e34487dbbe027c4fd7f8e99","false","71","GBAYE2500038","spotify:user:andreivillaro","2025-05-10T17:21:56Z"
"spotify:track:5ftDdWVTk330Wbnm2eRf89","he loves me, he loves me not","spotify:artist:0VMFTqmv0hYlWruyBERT95","Jessica Baio","spotify:album:0nCriAFnpCNUPgF9VtWhFb","petals","spotify:artist:0VMFTqmv0hYlWruyBERT95","Jessica Baio","2024-01-12","https://i.scdn.co/image/ab67616d0000b2737bb9a2d5b1242e703208b8f9","1","1","157598","https://p.scdn.co/mp3-preview/dc1e54568a0a2180a6564a988b7d60d17f2d95da?cid=9950ac751e34487dbbe027c4fd7f8e99","false","52","QZJ842004373","spotify:user:andreivillaro","2025-05-16T03:43:26Z"
"spotify:track:29sFqmK1SNaGhY8RTmMmpz","Echo","spotify:artist:4XvBehn5EnOEueirgtfIgj","ablume","spotify:album:7zfttfWarwucZwLgB0hkSP","Echo","spotify:artist:4XvBehn5EnOEueirgtfIgj","ablume","2025-05-09","https://i.scdn.co/image/ab67616d0000b2733641ad6f21515ca89504e32b","1","2","194053","https://p.scdn.co/mp3-preview/8d3c9a991614599c574426003cc11fc50ac2604e?cid=9950ac751e34487dbbe027c4fd7f8e99","false","63","KRB922508281","spotify:user:andreivillaro","2025-05-17T07:36:07Z"
"spotify:track:1RFXENx9ILC6PECmNhEstC","ScheiBe","spotify:artist:1HY2Jd0NmPuamShAr6KMms","Lady Gaga","spotify:album:5maeycU97NHBgwRr2h2A4O","Born This Way (Special Edition)","spotify:artist:1HY2Jd0NmPuamShAr6KMms","Lady Gaga","2011-01-01","https://i.scdn.co/image/ab67616d0000b273a47c0e156ea3cebe37fdcab8","1","7","225466","","false","65","USUM71106448","spotify:user:andreivillaro","2025-05-20T13:09:41Z"
"spotify:track:1epTWBaMQKreLl8SVZZsXj","Monitoring","spotify:artist:2SW5wli9uAsYHQnezGESFB","Rachie","spotify:album:2mPijLZDr6u0L7lFke9n6C","Monitoring","spotify:artist:2SW5wli9uAsYHQnezGESFB","Rachie","2025-05-17","https://i.scdn.co/image/ab67616d0000b273c0c17387dd5f6061fdd52849","1","1","177272","https://p.scdn.co/mp3-preview/9cc2a21475358e4884adc868dff5dd851f24f7d3?cid=9950ac751e34487dbbe027c4fd7f8e99","false","56","QZRP42518683","spotify:user:andreivillaro","2025-05-23T03:30:02Z"
"spotify:track:1iywVk6Xx1XmJwd0rExYI3","モニタリング","spotify:artist:7kZTWx6cRLc0TSRPq1XBMP","DECO*27","spotify:album:66YO0i7JPJqriHH4olIqdr","モニタリング","spotify:artist:7kZTWx6cRLc0TSRPq1XBMP","DECO*27","2024-11-23","https://i.scdn.co/image/ab67616d0000b27362e7d812d35e39d6c96841a8","1","1","176800","https://p.scdn.co/mp3-preview/31d41dc6a762896401f8f4e0430079b0c004c59f?cid=9950ac751e34487dbbe027c4fd7f8e99","false","70","JP92Q2400634","spotify:user:andreivillaro","2025-05-23T03:30:11Z"
"spotify:track:4t9PBD27dndlf6YMBK2ROc","Track 10","spotify:artist:25uiPmTg16RbhZWAqwLBy5","Charli xcx","spotify:album:2HIwUmdxEl7SeWa1ndH5wC","Pop 2","spotify:artist:25uiPmTg16RbhZWAqwLBy5","Charli xcx","2017-12-15","https://i.scdn.co/image/ab67616d0000b273da30209ea35caf1d46931818","1","10","326906","https://p.scdn.co/mp3-preview/842eda7efcdfe775c18244b201bbd66640765f3f?cid=9950ac751e34487dbbe027c4fd7f8e99","true","82","GBAHS1701208","spotify:user:andreivillaro","2025-05-23T04:49:19Z"
"spotify:track:1yPkYnRgZveWLCUSWX16ra","HAPPY HAPPY","spotify:artist:7n2Ycct7Beij7Dj7meI4X0","TWICE","spotify:album:7L4aQ3NuXn10GinA6Fs2pc","HAPPY HAPPY","spotify:artist:7n2Ycct7Beij7Dj7meI4X0","TWICE","2019-06-12","https://i.scdn.co/image/ab67616d0000b273d87bbac80270543603866468","1","1","206973","https://p.scdn.co/mp3-preview/8b6567437025d682fa41c21418e633a4eb60b124?cid=9950ac751e34487dbbe027c4fd7f8e99","false","49","JPWP01970485","spotify:user:andreivillaro","2025-05-24T05:52:42Z"
"spotify:track:1vtpIOOXe7iq0kUXYcBn61","We Magicians Still Alive in 2021","spotify:artist:4bwIf0yXJf0F9AmOl2J78M","Camellia","spotify:album:1164QDi9CiftjLg0ecvooW","U.U.F.O.","spotify:artist:4bwIf0yXJf0F9AmOl2J78M","Camellia","2021-07-11","https://i.scdn.co/image/ab67616d0000b2731d3890de53ed676047ca3629","1","11","330500","https://p.scdn.co/mp3-preview/68949a6f2247910d11baf7d654ace10dc7b507a8?cid=9950ac751e34487dbbe027c4fd7f8e99","false","41","TCJPO2190880","spotify:user:andreivillaro","2025-05-27T06:41:20Z"
"spotify:track:1j15Ar0qGDzIR0v3CQv3JL","Gnarly","spotify:artist:3c0gDdb9lhnHGFtP4prQpn","KATSEYE","spotify:album:25oD4E4cwmG7SCQIoF3ez5","Gnarly","spotify:artist:3c0gDdb9lhnHGFtP4prQpn","KATSEYE","2025-04-30","https://i.scdn.co/image/ab67616d0000b2738a30c41e2c9336c293ebebfe","1","1","137316","","true","92","USUM72503410","spotify:user:andreivillaro","2025-06-02T21:03:53Z"
"spotify:track:0ebDPhxpJRLaH8Mq0tIPBR","LOVE","spotify:artist:2GWsM5HZRVvUSKFgQczU7F","Jaegershu","spotify:album:6Z5QcfolxsceOXrNrebNzM","LOVE","spotify:artist:2GWsM5HZRVvUSKFgQczU7F","Jaegershu","2022-02-24","https://i.scdn.co/image/ab67616d0000b273f533628a1fb38ae33b5b582f","1","1","270863","https://p.scdn.co/mp3-preview/f0cc0db4538bc5f156b6cf27a79f67b55e8dad8b?cid=9950ac751e34487dbbe027c4fd7f8e99","false","53","QZDA72209944","spotify:user:andreivillaro","2025-06-03T19:26:11Z"
"spotify:track:6V3q8fEHnMx7VwkMUQv9yP","Chronostasis","spotify:artist:3K6tT5JIbqu3gV7wWlsgvT","Release Hallucination","spotify:album:4i78h7toisyjWPGXwXmWr9","Chronostasis","spotify:artist:3K6tT5JIbqu3gV7wWlsgvT","Release Hallucination","2016-12-14","https://i.scdn.co/image/ab67616d0000b273680a4197c4a02bb5c98c7899","1","1","382908","https://p.scdn.co/mp3-preview/2a25210c0404f362af68010bd7c4167eb433b8cc?cid=9950ac751e34487dbbe027c4fd7f8e99","false","43","ushm91639038","spotify:user:andreivillaro","2025-06-05T07:43:18Z"
"spotify:track:02b35qI48b1RWhsFNKCb1Y","check","spotify:artist:41X1TR6hrK8Q2ZCpp2EqCz","bbno$","spotify:album:7hCpAt99Yn4Ny26WZUBuBi","check","spotify:artist:41X1TR6hrK8Q2ZCpp2EqCz","bbno$","2025-02-10","https://i.scdn.co/image/ab67616d0000b2732d1a535077c529353d94756a","1","1","122037","https://p.scdn.co/mp3-preview/1367c8562810eb29fa03857f3222748875453ad9?cid=9950ac751e34487dbbe027c4fd7f8e99","true","82","QM24S2407381","spotify:user:andreivillaro","2025-06-05T08:05:00Z"
"spotify:track:5QAJ9MdbIS0vENE7wAt854","Nevermind","spotify:artist:5vh3TBzvI4nASt2A1KfgcR, spotify:artist:2NFcP6acEaRGULqYkdfiNJ","Phoneboy, Justin Magnaye","spotify:album:16pB7hpl8BrrRNnlqUF6u9","Phoneboy","spotify:artist:5vh3TBzvI4nASt2A1KfgcR","Phoneboy","2021-04-23","https://i.scdn.co/image/ab67616d0000b273af0ea7ec0564605376eb6647","1","1","210720","https://p.scdn.co/mp3-preview/3fe68579e9e5ebed6903d41b657249092ff1ae9b?cid=9950ac751e34487dbbe027c4fd7f8e99","true","60","QM4TW2167430","spotify:user:andreivillaro","2025-06-07T10:02:59Z"
"spotify:track:1H2pPtoPS8kNlqCN7HfT6g","Machine Love","spotify:artist:790JtoMXsEVQqzkerV3xuf","Jamie Paige","spotify:album:5VEgJeGRLD1U9p0FIaiWp8","Constant Companions","spotify:artist:790JtoMXsEVQqzkerV3xuf","Jamie Paige","2024-10-25","https://i.scdn.co/image/ab67616d0000b27356021e26fd463e7c1d062a9d","1","11","216744","https://p.scdn.co/mp3-preview/c63d7a9df776663e60f7a5f204c638f6396dfe5c?cid=9950ac751e34487dbbe027c4fd7f8e99","false","72","QZPJ32342607","spotify:user:andreivillaro","2025-06-11T19:57:12Z"
"spotify:track:4QhnNyKDsAkXPwHkSnuc89","Eve, Psyche & The Bluebeard’s wife","spotify:artist:4SpbR6yFEvexJuaBpgAU5p","LE SSERAFIM","spotify:album:4Oz7K9DRwwGMN49i4NbVDT","UNFORGIVEN","spotify:artist:4SpbR6yFEvexJuaBpgAU5p","LE SSERAFIM","2023-05-01","https://i.scdn.co/image/ab67616d0000b273d71fd77b89d08bc1bda219c7","1","10","185538","https://p.scdn.co/mp3-preview/c4b879e0473f33fc4e755747661e982af591d800?cid=9950ac751e34487dbbe027c4fd7f8e99","false","76","USA2P2310665","spotify:user:andreivillaro","2025-06-12T10:20:20Z"
"spotify:track:1Sv01z4JcUJDjoo7RnIKc6","Sleepers","spotify:artist:7LaEPzqOfzvbRCBTpzRkQv, spotify:artist:6OB7PzOSbC30b8E5uGjRBo","Reed Wonder, Aurora Olivas","spotify:album:3X9mqB8M9K3yMF4swt7Urg","Sleepers","spotify:artist:7LaEPzqOfzvbRCBTpzRkQv, spotify:artist:6OB7PzOSbC30b8E5uGjRBo","Reed Wonder, Aurora Olivas","2025-05-29","https://i.scdn.co/image/ab67616d0000b273992f180af7c5c360c0baf2dd","1","1","201345","https://p.scdn.co/mp3-preview/1622a311dd8abb0995b742708bc0e05e40e24d21?cid=9950ac751e34487dbbe027c4fd7f8e99","false","58","CA5KR2535550","spotify:user:andreivillaro","2025-06-18T20:17:09Z"
"spotify:track:0ooSp9lEnkxcsdvsbsosyo","Shploink Overdose","spotify:artist:7wi9hFEFp89xxCgyjlNMaS","KingSammelot","spotify:album:2Yqn034waxUqrDrQWVash2","Shploink Overdose","spotify:artist:7wi9hFEFp89xxCgyjlNMaS","KingSammelot","2024-03-02","https://i.scdn.co/image/ab67616d0000b273bb577f4042f011666880f669","1","1","85750","https://p.scdn.co/mp3-preview/8f77590c6645fdf8eb73b790d2d88d5a0b49255f?cid=9950ac751e34487dbbe027c4fd7f8e99","false","42","QZES82469078","spotify:user:andreivillaro","2025-06-20T03:49:42Z"
"spotify:track:1xOqGUkyxGQRdCvGpvWKmL","Gabriela","spotify:artist:3c0gDdb9lhnHGFtP4prQpn","KATSEYE","spotify:album:6rpin9IVOuBEWBYnrA9hft","Gabriela","spotify:artist:3c0gDdb9lhnHGFtP4prQpn","KATSEYE","2025-06-20","https://i.scdn.co/image/ab67616d0000b2731f50fc82d780d1d935bbddd7","1","1","197226","","false","90","USUM72503465","spotify:user:andreivillaro","2025-06-22T09:48:05Z"
"spotify:track:6yV3akSoxxh006bFLHPfVW","#voyuitwaaien - SUPER slowed -pitch","spotify:artist:0z4JJQNc7OeNno0DR6uG4i","latex fruit","spotify:album:1BLkhmvnymCHWxJ5kUKVKB","#voyuitwaaien Remixes","spotify:artist:0z4JJQNc7OeNno0DR6uG4i","latex fruit","2025-03-13","https://i.scdn.co/image/ab67616d0000b2737afc09e7873c32344780a23a","1","3","114091","https://p.scdn.co/mp3-preview/f0489db945ace56ec2f3cf00bdcdf39b39840dbf?cid=9950ac751e34487dbbe027c4fd7f8e99","false","68","QZHNC2573789","spotify:user:andreivillaro","2025-06-24T21:14:52Z"
"spotify:track:7h0BX9YDClyO5NJJgddA5O","this is what falling in love feels like - Multilingual","spotify:artist:6BvTqC4B6wOX1RiUuY1vnG","Kitsui Akira","spotify:album:1ux0MoqZ7bwGJeUBLhwSU6","this is what falling in love feels like (Multilingual)","spotify:artist:6BvTqC4B6wOX1RiUuY1vnG","Kitsui Akira","2022-12-25","https://i.scdn.co/image/ab67616d0000b273b8c0b29360ef6b4b4ba90f05","1","1","122576","https://p.scdn.co/mp3-preview/d25c82870ddc0d509d7e456d9f8175b33c269e1b?cid=9950ac751e34487dbbe027c4fd7f8e99","false","62","QZFYX2319564","spotify:user:andreivillaro","2025-06-28T21:41:24Z"
"spotify:track:6NBZu27n3cxEk4y4c2Kxi8","1-800","spotify:artist:41X1TR6hrK8Q2ZCpp2EqCz, spotify:artist:3rkwWB8rbBCNTrSvVUBa6C","bbno$, Ironmouse","spotify:album:1EsY408Bg5cxj5SCa6ABaI","1-800","spotify:artist:41X1TR6hrK8Q2ZCpp2EqCz, spotify:artist:3rkwWB8rbBCNTrSvVUBa6C","bbno$, Ironmouse","2025-06-27","https://i.scdn.co/image/ab67616d0000b27374b3bf7eefcc97a5d185a532","1","1","209515","https://p.scdn.co/mp3-preview/6fba79db6498f14ad2a5b799f8a601f01e37dd5a?cid=9950ac751e34487dbbe027c4fd7f8e99","true","75","CA5KR2538047","spotify:user:andreivillaro","2025-07-01T05:51:09Z"
"spotify:track:1CPZ5BxNNd0n0nF4Orb9JS","Golden","spotify:artist:2yNNYQBChuox9A5Ka93BIn, spotify:artist:0RMJOzHDhAKY1o2j0W0vxY, spotify:artist:0Wwji82sLA0Hcvtuak3omb, spotify:artist:6U1dV7aL68N7Gb0Naq34V5, spotify:artist:7mW7Tv7NvywKKXqafZo0Lc","HUNTR/X, EJAE, AUDREY NUNA, REI AMI, KPop Demon Hunters Cast","spotify:album:14JkAa6IiFaOh5s0nMyMU9","KPop Demon Hunters (Soundtrack from the Netflix Film)","spotify:artist:7mW7Tv7NvywKKXqafZo0Lc, spotify:artist:2yNNYQBChuox9A5Ka93BIn, spotify:artist:0BJ2EjOqcfgFvlZXNKrNbE","KPop Demon Hunters Cast, HUNTR/X, Saja Boys","2025-06-20","https://i.scdn.co/image/ab67616d0000b2734dcb6c5df15cf74596ab25a4","1","4","194607","","false","92","QZ8BZ2513510","spotify:user:andreivillaro","2025-07-01T17:02:27Z"
"spotify:track:1rKQjUhF9zFJmuUotr3VkV","TAKEDOWN (JEONGYEON, JIHYO, CHAEYOUNG)","spotify:artist:7n2Ycct7Beij7Dj7meI4X0","TWICE","spotify:album:14JkAa6IiFaOh5s0nMyMU9","KPop Demon Hunters (Soundtrack from the Netflix Film)","spotify:artist:7mW7Tv7NvywKKXqafZo0Lc, spotify:artist:2yNNYQBChuox9A5Ka93BIn, spotify:artist:0BJ2EjOqcfgFvlZXNKrNbE","KPop Demon Hunters Cast, HUNTR/X, Saja Boys","2025-06-20","https://i.scdn.co/image/ab67616d0000b2734dcb6c5df15cf74596ab25a4","1","1","181192","","false","87","USUG12504881","spotify:user:andreivillaro","2025-07-01T17:02:40Z"
"spotify:track:0MHStU0muAIEMbwdnebYu2","Takedown","spotify:artist:2yNNYQBChuox9A5Ka93BIn, spotify:artist:0RMJOzHDhAKY1o2j0W0vxY, spotify:artist:0Wwji82sLA0Hcvtuak3omb, spotify:artist:6U1dV7aL68N7Gb0Naq34V5, spotify:artist:7mW7Tv7NvywKKXqafZo0Lc","HUNTR/X, EJAE, AUDREY NUNA, REI AMI, KPop Demon Hunters Cast","spotify:album:14JkAa6IiFaOh5s0nMyMU9","KPop Demon Hunters (Soundtrack from the Netflix Film)","spotify:artist:7mW7Tv7NvywKKXqafZo0Lc, spotify:artist:2yNNYQBChuox9A5Ka93BIn, spotify:artist:0BJ2EjOqcfgFvlZXNKrNbE","KPop Demon Hunters Cast, HUNTR/X, Saja Boys","2025-06-20","https://i.scdn.co/image/ab67616d0000b2734dcb6c5df15cf74596ab25a4","1","6","182016","","false","88","QZ8BZ2513511","spotify:user:andreivillaro","2025-07-01T17:02:44Z"
"spotify:track:0hRr7x68aApt0TX1AIAA9W","깨어 (Are You Alive)","spotify:artist:5Z71xE9prhpHrqL5thVMyK","tripleS","spotify:album:4MGXby5GGnly4aVwdZuwak","<ASSEMBLE25>","spotify:artist:5Z71xE9prhpHrqL5thVMyK","tripleS","2025-05-12","https://i.scdn.co/image/ab67616d0000b2738f233fd369e5a47b637d00c6","1","2","186720","https://p.scdn.co/mp3-preview/83d90602ef68f268f7bc8c44d1325d81d63340aa?cid=9950ac751e34487dbbe027c4fd7f8e99","false","71","KRA382502609","spotify:user:andreivillaro","2025-07-02T05:01:01Z"
"spotify:track:1kWp3aDjFkJgGEWnCtRxi6","Die Young","spotify:artist:76raIy8boaM9sf9gMGXGJ5","Lil Texas","spotify:album:444Fhw9ybLt1DZL3VXzgob","Die Young","spotify:artist:76raIy8boaM9sf9gMGXGJ5","Lil Texas","2025-06-13","https://i.scdn.co/image/ab67616d0000b273ef76c73d0dfd4ea5896e475c","1","1","135862","https://p.scdn.co/mp3-preview/9f72ec818059f16d10575ceb13de22ea5f04fe27?cid=9950ac751e34487dbbe027c4fd7f8e99","false","58","QZRP42276122","spotify:user:andreivillaro","2025-07-03T07:35:53Z"
"spotify:track:58AZXyKRlsMBMcrRjpJpVG","Debut","spotify:artist:3c0gDdb9lhnHGFtP4prQpn","KATSEYE","spotify:album:7mGArRHjAYY0o8UYOAfRHf","Debut","spotify:artist:3c0gDdb9lhnHGFtP4prQpn","KATSEYE","2024-06-28","https://i.scdn.co/image/ab67616d0000b273ae7a2d2a713dccb83c86b263","1","1","123281","","false","82","USUM72407139","spotify:user:andreivillaro","2025-07-04T05:06:13Z"
